1000000,84883,2020-11-28,25.23,9,E2:E4:E2:E3:E1:E1;I1,S2;I7,B2;I15,D2;I12
1000001,65184,2020-03-06,20.03,8,E6:E2:E3:E2:E3;I16,S1;I9,B3;I19,D1;I6
1000002,93563,2020-12-29,22.43,12,E1:E7:E5:E6:E2:E6;I11;I5,S3:S1:S4;I5;I8,B5:B2;I4;I14,D2;I11;I8
1000003,16402,2020-06-08,22.63,13,E1:E7:E1:E5:E3:E2;I3,S4:S1:S1;I14,B4:B5:B4;I13,D1;I18
1000004,73217,2020-12-04,16.77,8,E2:E2:E4;I23;I2,S3:S2:S4;I14;I24,B1;I10;I16,D1;I23;I16
1000005,66666,2020-10-03,24.08,10,E3:E7:E4:E1:E6:E1;I8,S3:S2;I1,B2;I11,D2;I21
1000006,60475,2020-09-04,3.99,4,E7;I10,S2;I2,B5;I20,D1;I20
1000007,67795,2020-07-17,21.57,10,E4:E5:E4:E6:E1;I11,S4:S3:S4;I15,B3;I18,D2;I18
1000008,31702,2020-10-07,17.52,9,E5:E3:E4:E4;I9,S1;I22,B4:B5:B3;I7,D2;I7
1000009,98560,2020-02-12,18.71,12,E7:E6:E7:E5:E7;I23,S2:S1;I3,B4:B5:B5:B5;I24,D2;I10
1000010,62207,2020-07-23,5.99,7,E2;I7;I13,S1:S2:S2;I18;I12,B1:B3;I22;I5,D1;I7;I20
1000011,32475,2020-04-16,16.28,8,E7:E6:E1:E7;I24,S1:S4;I14,B1;I7,D1;I2
1000012,43278,2020-07-28,11.45,9,E4:E3;I19;I22,S2:S3:S2;I22;I4,B1:B2:B4;I11;I5,D2;I6;I22
1000013,81350,2020-09-15,23.07,8,E2:E6:E4:E2:E3;I5;I2,S4;I9;I20,B2;I5;I21,D1;I16;I23
1000014,98129,2020-06-15,16.93,10,E7:E1:E2:E7;I14;I20,S4;I14;I14,B1:B3:B2:B4;I7;I22,D1;I18;I20
1000015,33902,2020-05-22,2.99,5,E5;I6,S1:S2;I2,B4;I11,D1;I13
1000016,68896,2020-08-17,25.39,14,E7:E1:E1:E1:E1:E4;I7,S2:S4:S2;I12,B1:B5:B3:B4;I6,D1;I7
1000017,88893,2020-03-25,5.69,7,E2;I22,S4:S3:S4;I8,B4:B5;I7,D1;I7
1000018,77514,2020-10-07,23.25,10,E2:E4:E4:E2:E7;I1;I10,S1:S2:S2;I19;I15,B5;I14;I1,D1;I4;I15
1000019,55934,2020-03-28,21.49,12,E1:E6:E3:E4:E6;I6;I12,S2:S4:S3;I10;I15,B4:B4:B1;I22;I24,D1;I15;I24
1000020,22185,2020-01-01,20.41,9,E1:E4:E4:E5:E5;I14,S2:S2;I3,B1;I7,D2;I6
1000021,65797,2020-11-30,11.33,9,E3:E7:E7;I19,S1:S4:S3;I22,B2:B3;I8,D2;I22
1000022,68660,2020-10-14,17.39,9,E2:E3:E7:E3;I13;I22,S3;I16;I22,B1:B3:B4;I23;I19,D1;I19;I4
1000023,83192,2020-11-21,19.84,9,E6:E7:E5:E6:E1;I15;I21,S1:S2;I21;I15,B2;I14;I24,D2;I24;I23
1000024,43015,2020-09-15,13.23,10,E7:E3:E2;I24;I9,S2:S3:S2;I3;I10,B3:B2:B1;I15;I7,D1;I13;I14
1000025,29957,2020-03-12,21.91,12,E2:E1:E5:E5:E4;I23;I2,S1:S2:S1;I3;I8,B3:B1:B2;I13;I7,D1;I22;I20
1000026,72245,2020-11-20,15.88,10,E5:E1:E1:E2;I22,S4:S4:S3;I19,B5:B4;I10,D1;I13
1000027,53674,2020-08-30,9.71,6,E6:E3;I6;I23,S2:S4;I19;I5,B1;I1;I20,D2;I18;I12
1000028,63527,2020-06-28,12.77,10,E2:E5:E7;I7;I3,S2:S3:S3;I6;I2,B3:B4:B3;I16;I7,D1;I18;I20
1000029,80584,2020-01-11,11.73,6,E5:E7:E3;I23,S3;I22,B2;I7,D2;I21
1000030,36214,2020-02-22,26.3,11,E4:E6:E2:E5:E2:E4;I19;I14,S4:S3:S2;I18;I24,B3;I2;I11,D1;I3;I5
1000031,36395,2020-03-26,23.96,11,E2:E1:E1:E2:E2:E7;I12;I16,S2:S3;I5;I21,B2:B2;I4;I14,D2;I9;I13
1000032,75059,2020-12-21,13.49,6,E3:E6:E2;I6;I7,S4;I11;I22,B1;I15;I15,D1;I7;I3
1000033,26318,2020-04-16,16.43,8,E4:E6:E5:E2;I16,S2;I14,B5:B4;I6,D2;I16
1000034,93588,2020-08-20,16.8,9,E1:E1:E6:E1;I20,S4:S1;I15,B1:B1;I20,D2;I1
1000035,66256,2020-02-13,17.54,11,E3:E2:E1:E1;I23;I19,S4:S1:S2;I19;I24,B2:B5:B4;I5;I16,D1;I22;I20
1000036,57864,2020-10-25,22.5,14,E3:E2:E5:E2:E2:E7;I19,S3:S3:S4;I21,B1:B4:B2:B5;I23,D1;I20
1000037,68801,2020-08-20,4.59,4,E7;I3,S4;I10,B5;I23,D1;I11
1000038,93460,2020-04-01,14.64,8,E6:E1:E3:E5;I15;I8,S1;I7;I21,B3:B4;I7;I18,D1;I11;I2
1000039,83957,2020-05-31,9.58,9,E7:E5;I24;I2,S4:S2;I21;I22,B5:B1:B3:B1;I22;I16,D2;I15;I3
1000040,60628,2020-12-25,25.86,10,E6:E4:E5:E6:E2:E5;I22;I23,S4;I2;I14,B3:B5;I19;I16,D2;I18;I2
1000041,52451,2020-05-24,10.24,6,E4:E6;I13;I1,S2:S3;I20;I11,B5;I10;I1,D1;I6;I24
1000042,16699,2020-03-16,4.25,5,E1;I12,S4;I19,B2:B2;I18,D2;I1
1000043,34087,2020-11-04,8.94,6,E1:E7;I23,S2:S2;I15,B3;I6,D2;I24
1000044,13655,2020-01-04,13.93,8,E1:E2:E2;I22;I16,S4:S4:S4;I8;I11,B2;I4;I20,D2;I2;I16
1000045,71162,2020-09-11,8.58,7,E5:E4;I15,S3:S2;I5,B3:B3;I2,D1;I20
1000046,99464,2020-12-14,21.91,9,E2:E7:E7:E4:E3;I24,S3:S1;I21,B3;I7,D2;I5
1000047,43110,2020-10-12,23.33,11,E3:E6:E1:E5:E7:E4;I4,S3:S4:S3;I3,B1;I18,D1;I10
1000048,67340,2020-04-09,4.35,8,E6;I16;I8,S4:S2:S3;I16;I1,B5:B1:B1;I5;I7,D1;I11;I7
1000049,10850,2020-03-27,5.95,6,E1;I20;I13,S1;I1;I20,B2:B2:B4;I19;I8,D1;I19;I5
1000050,93578,2020-01-26,21.43,8,E7:E6:E3:E3:E2;I23;I18,S3;I8;I24,B2;I16;I6,D2;I24;I4
1000051,99752,2020-10-06,17.46,10,E4:E5:E4:E7;I19,S3;I22,B2:B3:B2:B2;I13,D1;I14
1000052,63251,2020-05-02,13.33,11,E1:E5:E4;I7,S4:S1:S3;I23,B4:B5:B2:B3;I6,D2;I14
1000053,69071,2020-02-06,7.29,7,E4;I21;I9,S3:S3;I11;I11,B3:B3:B1;I7;I24,D1;I5;I11
1000054,71275,2020-05-08,12.34,8,E1:E4;I7;I23,S2:S2;I1;I2,B2:B1:B3;I5;I16,D2;I19;I21
1000055,32300,2020-05-30,10.74,9,E6:E4;I7,S3:S4:S4;I23,B2:B2:B5;I7,D2;I13
1000056,50693,2020-08-24,7.54,6,E7:E1;I5,S4:S1;I19,B4;I14,D2;I7
1000057,89087,2020-09-29,9.88,7,E7:E4;I10;I19,S4:S2:S2;I8;I15,B3;I7;I14,D2;I4;I20
1000058,25253,2020-11-23,6.69,7,E7;I20;I7,S1:S2;I22;I11,B5:B2:B2;I11;I11,D1;I21;I19
1000059,50308,2020-06-02,17.32,10,E7:E6:E2:E2;I20;I5,S2:S1;I1;I16,B5:B1:B1;I15;I12,D2;I18;I23
1000060,2021,2020-04-03,16.18,10,E1:E7:E1:E2;I18;I1,S1:S3:S3;I18;I12,B2:B3;I9;I4,D2;I16;I15
1000061,68935,2020-11-25,13.15,8,E6:E3:E1;I20,S3;I18,B2:B5:B3;I18,D2;I5
1000062,3961,2020-02-06,10.83,7,E5:E1:E5;I20,S4;I21,B1:B5;I14,D2;I4
1000063,40078,2020-06-22,4.95,6,E6;I3,S4:S1:S4;I21,B2;I7,D2;I22
1000064,76170,2020-04-06,17.28,12,E3:E2:E7:E1;I24;I11,S2:S3:S4;I1;I12,B3:B3:B2:B4;I23;I15,D1;I18;I9
1000065,74475,2020-10-12,22.77,13,E4:E4:E1:E3:E5;I24,S4:S4:S2;I24,B4:B1:B1:B3;I13,D2;I10
1000066,63655,2020-01-17,7.74,10,E7:E1;I16,S4:S2:S4;I14,B5:B3:B1:B1;I7,D1;I9
1000067,28190,2020-07-19,12.27,7,E7:E5:E4;I18,S4;I1,B5:B5;I11,D2;I3
1000068,68177,2020-05-12,19.47,8,E6:E3:E5:E4:E5;I13;I12,S3;I8;I2,B5;I20;I3,D1;I10;I20
1000069,91878,2020-02-17,24.42,11,E4:E3:E1:E6:E5:E7;I18;I18,S1;I6;I22,B5:B2:B1;I19;I10,D1;I7;I4
1000070,15194,2020-11-26,21.59,10,E2:E3:E6:E3:E3;I13;I23,S1:S4:S2;I23;I24,B3;I24;I23,D1;I1;I22
1000071,20025,2020-11-14,28.8,13,E2:E4:E1:E4:E4:E5;I15;I24,S4:S3:S4;I12;I23,B1:B5:B4;I24;I20,D2;I14;I14
1000072,30623,2020-01-09,12.39,6,E3:E7:E3;I11;I18,S1;I13;I1,B3;I5;I12,D2;I2;I22
1000073,71845,2020-03-01,12.03,7,E2:E1:E2;I6,S3:S1;I15,B2;I16,D1;I21
1000074,53151,2020-11-12,7.54,9,E3:E5;I16;I13,S1:S2:S1;I5;I2,B3:B4:B4;I6;I11,D2;I3;I7
1000075,5212,2020-03-16,7.8,8,E1:E1;I4,S2:S2;I19,B5:B1:B3;I16,D2;I21
1000076,39973,2020-06-15,12,9,E6:E2:E6;I6,S1;I1,B3:B2:B5:B1;I14,D2;I24
1000077,35311,2020-04-19,6.19,8,E2;I16;I23,S2:S4;I24;I22,B5:B5:B3:B5;I21;I15,D1;I8;I13
1000078,47399,2020-07-03,7.39,7,E2;I24;I20,S3;I22;I12,B3:B4:B5:B2;I11;I7,D1;I14;I18
1000079,63362,2020-11-02,20.74,12,E1:E4:E6:E7:E1;I10,S2:S1;I15,B4:B2:B4:B2;I22,D2;I3
1000080,85274,2020-07-07,21.21,10,E5:E5:E7:E4:E5:E1;I1,S1:S3;I7,B3;I18,D1;I12
1000081,42499,2020-09-21,9.34,8,E6:E7;I1;I7,S4:S4;I23;I12,B1:B4:B5;I6;I23,D2;I4;I7
1000082,31384,2020-03-20,23.58,9,E3:E4:E1:E5:E3:E1;I8;I5,S1;I2;I16,B1;I13;I18,D2;I13;I15
1000083,7712,2020-11-23,8.18,8,E2:E7;I18,S3:S3:S3;I18,B3:B2;I9,D2;I12
1000084,62617,2020-05-08,26.52,11,E5:E4:E1:E3:E1:E4;I2,S1:S3;I18,B2:B5;I2,D2;I16
1000085,68907,2020-01-27,14.43,10,E6:E7:E4;I22,S4:S2:S1;I6,B3:B1:B5;I16,D1;I13
1000086,13166,2020-02-16,10.79,8,E1:E5:E3;I8;I12,S3:S2;I15;I18,B5:B2;I24;I2,D1;I12;I18
1000087,6264,2020-02-27,16.03,10,E7:E1:E4;I2;I22,S1:S3:S1;I21;I24,B2:B5:B2;I15;I4,D2;I5;I20
1000088,25476,2020-07-05,19.84,9,E3:E7:E1:E6:E5;I3;I3,S3;I23;I7,B5:B4;I2;I7,D1;I18;I7
1000089,1832,2020-10-06,13.03,7,E6:E4:E7;I5;I8,S3:S4;I14;I19,B2;I5;I22,D2;I23;I1
1000090,34176,2020-06-02,17.91,9,E6:E7:E5:E5:E7;I24,S2:S2;I5,B3;I2,D2;I7
1000091,88470,2020-06-07,8.2,10,E6:E6;I10,S1:S2:S4;I9,B1:B3:B5:B2;I23,D1;I3
1000092,42037,2020-03-03,11.87,10,E5:E2:E7;I21,S2:S1:S1;I24,B2:B1:B3;I20,D2;I22
1000093,54184,2020-01-02,20.37,9,E2:E5:E2:E1:E1;I13;I21,S2:S4;I19;I11,B2;I18;I24,D1;I16;I10
1000094,32755,2020-12-01,12.43,9,E2:E3:E7;I3,S1;I23,B5:B2:B3:B1;I14,D1;I13
1000095,95118,2020-11-07,8.24,9,E2:E1;I10,S1:S3:S1;I6,B4:B4:B1;I6,D1;I14
1000096,4523,2020-02-18,17.33,12,E5:E5:E3:E1:E6;I13,S2:S2:S3;I18,B1:B3:B2;I15,D2;I7
1000097,11034,2020-05-25,15.44,9,E7:E6:E6:E1;I11,S1:S1:S4;I20,B4;I7,D1;I9
1000098,60974,2020-03-06,24.48,11,E7:E1:E4:E1:E3:E1;I13,S2:S2;I24,B1:B5;I15,D1;I1
1000099,26852,2020-03-21,14.84,9,E3:E6:E5:E1;I16;I9,S2:S4;I9;I20,B2:B1;I2;I18,D2;I15;I3
1000100,49990,2020-06-08,26.96,12,E2:E7:E2:E3:E4:E3;I23;I18,S2;I6;I20,B2:B5:B1:B3;I13;I3,D2;I1;I7
1000101,86792,2020-07-13,13.99,8,E6:E1:E4;I12;I11,S3:S3:S1;I11;I20,B5;I8;I7,D2;I20;I4
1000102,58861,2020-06-24,12.73,10,E4:E7:E3;I8,S2:S4;I24,B4:B2:B4:B2;I13,D1;I16
1000103,52583,2020-10-27,25.06,12,E4:E2:E7:E7:E1:E3;I3,S4:S1:S3;I5,B1:B5;I23,D2;I5
1000104,28128,2020-10-01,5.19,7,E7;I2,S1:S3:S2;I14,B2:B4;I12,D1;I7
1000105,21365,2020-05-02,19.52,7,E6:E2:E7:E4;I3;I2,S2;I16;I3,B4;I11;I14,D2;I8;I4
1000106,45062,2020-06-05,21.48,11,E4:E6:E5:E7:E6;I19;I24,S2;I19;I12,B2:B2:B3:B5;I7;I15,D1;I2;I21
1000107,20201,2020-01-16,19.62,10,E4:E4:E6:E2;I12;I10,S4:S3:S3;I18;I13,B1:B3;I8;I24,D1;I2;I3
1000108,15494,2020-03-19,4.49,6,E7;I16;I11,S2;I11;I3,B4:B1:B1;I11;I10,D2;I13;I9
1000109,56490,2020-02-10,7.59,9,E4;I24;I16,S2:S3:S1;I9;I3,B3:B4:B3:B1;I2;I1,D1;I20;I18
1000110,58240,2020-04-20,29.56,13,E1:E2:E3:E2:E4:E4;I7;I24,S3:S1;I21;I19,B4:B1:B1:B4;I23;I9,D1;I5;I14
1000111,77834,2020-04-20,20.71,12,E4:E6:E2:E7:E7;I12,S4:S1:S1;I4,B3:B5:B2;I7,D1;I7
1000112,44076,2020-08-27,21.46,13,E2:E1:E5:E6:E5:E2;I14,S2:S4;I14,B1:B2:B5:B1;I2,D1;I4
1000113,65449,2020-11-05,24.02,12,E7:E1:E1:E7:E2:E3;I21,S2:S3;I1,B5:B1:B2;I13,D1;I19
1000114,23071,2020-11-10,5.49,5,E7;I7;I10,S4;I13;I4,B3:B5;I15;I9,D2;I9;I6
1000115,90215,2020-03-08,8.55,6,E3:E5;I4;I23,S4;I23;I8,B2:B4;I18;I13,D2;I20;I7
1000116,32848,2020-08-23,4.29,7,E5;I19;I3,S1:S2:S4;I20;I21,B1:B3;I1;I3,D2;I10;I19
1000117,26950,2020-07-20,5.45,7,E1;I21,S4;I21,B3:B5:B2:B3;I1,D1;I12
1000118,83260,2020-12-26,23.37,10,E6:E7:E4:E1:E4;I7,S1:S4;I5,B5:B1;I14,D1;I10
1000119,6738,2020-01-04,13.49,9,E6:E4:E1;I10,S3:S3:S1;I18,B5:B5;I13,D1;I22
1000120,27735,2020-07-14,16.06,9,E4:E7:E5:E5;I18;I3,S3:S4:S1;I7;I8,B4;I23;I6,D1;I14;I24
1000121,76956,2020-12-02,21.53,11,E1:E3:E1:E2:E2;I14;I23,S2;I8;I6,B5:B1:B3:B2;I14;I11,D2;I13;I24
1000122,50408,2020-06-24,12.39,10,E5:E6:E6;I2;I5,S3:S4:S2;I5;I6,B4:B2:B3;I8;I19,D1;I24;I5
1000123,38815,2020-06-07,28.36,10,E3:E4:E4:E5:E2:E6;I7;I21,S2:S2;I11;I18,B5;I3;I15,D1;I8;I7
1000124,60628,2020-02-13,3.99,9,E7;I1,S3:S2:S4;I21,B5:B2:B5:B5;I23,D2;I10
1000125,99045,2020-01-17,6.18,9,E5:E5;I5;I12,S2:S2;I13;I1,B1:B1:B4:B2;I9;I9,D1;I5;I2
1000126,94349,2020-07-22,11.24,9,E3:E4;I7;I1,S4:S2;I10;I4,B2:B4:B1:B4;I19;I4,D1;I21;I10
1000127,93623,2020-11-06,16.18,9,E7:E5:E1:E6;I18;I20,S2;I20;I13,B1:B5:B3;I23;I4,D2;I18;I22
1000128,52029,2020-09-09,22.13,11,E5:E1:E7:E6:E6:E2;I12,S3;I2,B1:B5:B2;I18,D1;I14
1000129,83720,2020-08-23,22.73,13,E4:E4:E1:E3:E3;I11,S2:S3:S3;I9,B1:B4:B2:B5;I20,D1;I23
1000130,94394,2020-08-22,16.52,9,E5:E5:E7:E7:E3;I6,S1:S2;I8,B5;I15,D2;I12
1000131,29880,2020-06-21,7.84,7,E3:E7;I12,S2:S3;I1,B5:B2;I18,D2;I12
1000132,67454,2020-11-02,22.77,11,E7:E4:E4:E6:E6;I5;I1,S2:S3;I18;I16,B3:B4:B4;I7;I7,D2;I7;I9
1000133,44770,2020-08-24,10.43,8,E5:E7:E1;I16,S2;I22,B2:B2:B5;I7,D1;I4
1000134,37076,2020-11-18,17.64,9,E4:E6:E6:E6;I18;I8,S3:S3:S1;I3;I11,B5;I20;I18,D1;I9;I10
1000135,2222,2020-10-09,20.29,10,E2:E6:E1:E6:E3;I14;I19,S3;I20;I20,B5:B1:B5;I1;I6,D1;I23;I16
1000136,93498,2020-08-22,16.02,10,E7:E7:E2:E6;I13;I18,S2;I1;I18,B4:B2:B5:B3;I6;I12,D1;I2;I11
1000137,5209,2020-01-04,8.84,6,E7:E1;I3;I15,S1;I22;I22,B5:B1;I1;I7,D1;I22;I22
1000138,83796,2020-05-14,5.49,6,E7;I20;I5,S2:S3;I22;I23,B2:B4;I1;I22,D1;I2;I14
1000139,8691,2020-08-11,22.94,9,E3:E6:E6:E5:E6:E6;I10;I12,S2;I7;I8,B5;I21;I22,D2;I7;I7
1000140,21384,2020-11-06,24.08,9,E3:E7:E1:E2:E1:E1;I7,S2;I22,B3;I21,D2;I20
1000141,52216,2020-06-08,8.14,7,E1:E5;I2,S4:S4:S1;I14,B2;I5,D2;I23
1000142,80581,2020-05-16,18.54,7,E3:E1:E4:E6;I22,S3;I14,B5;I3,D1;I3
1000143,4222,2020-02-18,25.28,10,E3:E4:E3:E6:E2:E6;I10,S3;I2,B4:B5;I7,D2;I15
1000144,97802,2020-07-06,17.62,11,E4:E5:E7:E3;I18;I7,S3:S1;I10;I12,B2:B1:B2:B5;I22;I19,D2;I18;I9
1000145,86759,2020-01-20,11.03,10,E7:E7:E1;I6,S4:S3;I9,B3:B4:B3:B1;I21,D2;I2
1000146,78058,2020-07-15,17.48,8,E1:E6:E4:E2;I4;I9,S2:S2;I15;I8,B1;I7;I7,D2;I24;I6
1000147,46537,2020-06-06,23.63,10,E3:E4:E1:E6:E2;I2;I3,S3:S4:S2;I4;I2,B3;I16;I11,D1;I16;I7
1000148,11682,2020-12-06,9.54,7,E7:E3;I20;I1,S2:S1:S2;I7;I22,B3;I8;I7,D2;I5;I11
1000149,97747,2020-08-04,25.56,14,E3:E6:E4:E2:E5:E4;I9;I9,S2:S2:S3;I16;I20,B2:B2:B2:B2;I10;I1,D1;I24;I9
1000150,80374,2020-10-26,9.68,5,E4:E2;I8;I6,S1;I20;I18,B5;I22;I13,D1;I6;I16
1000151,64669,2020-11-26,12.87,9,E5:E2:E4;I6;I14,S1;I14;I3,B4:B2:B1:B2;I21;I13,D2;I19;I12
1000152,30602,2020-12-06,21.47,10,E4:E1:E7:E7:E6;I7,S4:S3;I24,B1:B3;I2,D2;I19
1000153,6150,2020-01-22,4.35,8,E6;I10;I8,S4:S4:S1;I20;I19,B1:B4:B1;I20;I11,D2;I14;I13
1000154,8291,2020-09-27,5.09,8,E2;I8;I3,S3:S2;I15;I7,B2:B1:B4:B2;I1;I20,D2;I13;I6
1000155,27673,2020-06-15,5.19,6,E7;I21,S2;I24,B2:B2:B2;I1,D1;I14
1000156,54070,2020-01-09,6.39,7,E4;I1;I10,S3:S3:S1;I11;I7,B2:B4;I10;I22,D1;I7;I2
1000157,21766,2020-07-26,6.95,5,E1;I2;I7,S1;I1;I13,B1:B5;I6;I21,D2;I1;I16
1000158,15523,2020-04-10,16.34,11,E3:E3:E1:E5;I24;I19,S2:S1;I1;I23,B3:B4:B4:B2;I22;I9,D2;I3;I2
1000159,93159,2020-09-14,23.4,14,E4:E2:E5:E3:E7:E7;I16,S1:S1:S2;I16,B2:B4:B5:B4;I19,D2;I21
1000160,90503,2020-07-23,13.53,7,E2:E2:E3;I2,S4:S4;I22,B4;I3,D1;I7
1000161,63940,2020-07-18,16.41,12,E3:E5:E5:E7:E5;I11;I13,S2:S3:S3;I6;I3,B2:B5:B5;I10;I23,D1;I9;I22
1000162,3623,2020-03-13,8.24,8,E1:E2;I11,S4:S3;I19,B3:B4:B3;I9,D2;I10
1000163,20256,2020-02-03,7.18,5,E5:E2;I14,S4;I20,B4;I7,D1;I10
1000164,48158,2020-11-12,8.18,8,E7:E2;I18,S3;I6,B2:B4:B4:B2;I12,D2;I7
1000165,37560,2020-01-23,22.98,12,E6:E1:E7:E1:E5:E1;I24,S2:S1;I9,B2:B3:B3;I6,D1;I6
1000166,24469,2020-10-07,17.3,9,E6:E6:E1:E6;I4;I23,S2;I2;I11,B4:B1:B1;I4;I14,D2;I22;I8
1000167,86323,2020-02-28,8.2,7,E3:E6;I12,S1:S1:S2;I10,B5;I18,D2;I12
1000168,49795,2020-06-27,7.04,7,E5:E6;I19,S4:S1:S1;I24,B2;I6,D2;I1
1000169,58078,2020-02-21,16.98,11,E3:E7:E4:E1;I12,S4:S3:S1;I5,B1:B5:B4;I22,D1;I6
1000170,64017,2020-04-13,17.72,10,E2:E6:E4:E2;I16,S1:S1:S3;I6,B2:B5;I3,D2;I14
1000171,62820,2020-11-25,16.68,11,E7:E7:E6:E3;I4;I21,S1:S3;I1;I21,B1:B5:B3:B2;I18;I19,D1;I7;I2
1000172,715,2020-02-06,26.03,12,E4:E7:E1:E4:E1:E1;I13,S2:S3:S4;I16,B2:B4;I24,D2;I21
1000173,56634,2020-12-05,5.89,6,E4;I13,S1:S3;I23,B4:B3;I20,D1;I11
1000174,25521,2020-06-05,16.38,9,E1:E3:E2:E2;I6;I14,S2:S1;I9;I19,B3:B1;I21;I20,D1;I11;I7
1000175,44227,2020-07-05,12.03,7,E2:E1:E7;I16;I6,S4;I6;I3,B4:B5;I8;I1,D2;I15;I19
1000176,40349,2020-09-29,4.16,5,E6;I5,S2;I16,B4:B4;I13,D1;I11
1000177,4779,2020-08-02,18.42,9,E4:E4:E3:E7;I4,S4:S2:S2;I19,B3;I9,D1;I7
1000178,18765,2020-09-13,24.32,14,E7:E4:E1:E3:E6:E7;I16,S3:S4:S1;I12,B3:B2:B5:B2;I11,D2;I16
1000179,13114,2020-07-30,24.41,8,E1:E4:E2:E4:E4;I13,S1;I13,B4;I23,D2;I3
1000180,80413,2020-07-04,5.85,7,E6;I6;I24,S3;I14;I7,B1:B2:B5:B1;I3;I18,D1;I16;I15
1000181,40023,2020-01-03,10.08,7,E4:E5;I7;I13,S4;I9;I8,B3:B5:B5;I2;I3,D2;I14;I6
1000182,88285,2020-08-01,21.88,11,E5:E3:E3:E1:E6:E7;I9;I9,S3:S4:S1;I4;I6,B5;I3;I6,D2;I21;I12
1000183,3981,2020-02-14,17.22,10,E3:E2:E4:E7;I15,S4;I13,B2:B2:B1:B4;I1,D2;I2
1000184,90316,2020-03-19,7.9,7,E6:E6;I9;I8,S2;I15;I5,B5:B5:B5;I20;I7,D1;I10;I10
1000185,35547,2020-05-01,8.8,9,E3:E1;I18;I13,S1:S4:S3;I11;I16,B2:B1:B1;I1;I10,D1;I10;I8
1000186,5399,2020-02-14,28.21,11,E4:E2:E5:E1:E4:E4;I12;I3,S3:S3:S4;I20;I9,B5;I10;I13,D2;I20;I20
1000187,95940,2020-10-12,28.06,12,E3:E4:E7:E4:E5:E3;I24;I20,S3:S4:S3;I18;I15,B4:B4;I15;I20,D1;I15;I7
1000188,15907,2020-05-28,9.88,6,E7:E4;I14;I11,S2;I20;I3,B3:B5;I8;I13,D1;I9;I4
1000189,76482,2020-09-07,18.32,7,E7:E1:E4:E2;I7;I9,S3;I5;I1,B2;I13;I11,D2;I2;I3
1000190,52696,2020-04-25,22.1,13,E6:E7:E5:E2:E7:E2;I6;I5,S4:S2:S3;I8;I7,B4:B1:B2;I13;I1,D1;I4;I16
1000191,22185,2020-02-29,21.71,12,E4:E2:E5:E1:E4;I13;I8,S1:S3;I6;I11,B3:B2:B5:B3;I1;I18,D2;I23;I12
1000192,23311,2020-08-04,19.91,10,E5:E7:E2:E4:E3;I10,S4:S4:S4;I10,B5;I13,D1;I8
1000193,61482,2020-10-07,19.45,9,E3:E6:E3:E6:E1;I8;I5,S3:S3;I7;I7,B2;I1;I19,D1;I16;I10
1000194,90183,2020-07-17,25.02,11,E6:E4:E6:E2:E7:E1;I9;I10,S3:S3;I4;I4,B3:B1;I6;I21,D2;I9;I15
1000195,20642,2020-06-08,11.47,10,E7:E7:E2;I11,S4:S3:S3;I3,B2:B5:B4;I1,D1;I3
1000196,36329,2020-09-06,8.64,6,E6:E2;I5;I11,S2;I7;I15,B5:B2;I16;I23,D2;I10;I14
1000197,7292,2020-10-30,9.44,6,E1:E2;I23,S1:S4;I19,B5;I16,D1;I7
1000198,3893,2020-05-24,17.57,12,E3:E5:E2:E5:E6;I10,S3:S2;I19,B5:B1:B5:B5;I19,D1;I6
1000199,67841,2020-05-16,2.99,7,E5;I4,S3;I3,B5:B3:B1:B1;I13,D1;I5
1000200,85478,2020-12-22,5.95,6,E1;I24;I11,S1:S3:S2;I24;I3,B5;I1;I7,D1;I7;I8
1000201,67760,2020-04-07,14.23,8,E2:E6:E4;I10;I1,S4:S3:S1;I4;I4,B4;I20;I24,D2;I12;I12
1000202,32197,2020-06-11,16.87,12,E3:E7:E6:E5:E5;I6,S2:S4:S3;I20,B1:B2:B2;I19,D2;I8
1000203,66724,2020-12-27,3.99,5,E7;I16,S4:S3;I18,B5;I16,D1;I19
1000204,79902,2020-04-08,4.55,7,E6;I18,S2:S1:S3;I10,B2:B3;I23,D1;I16
1000205,92204,2020-02-26,14.78,9,E5:E3:E2:E1;I16,S4:S1:S2;I12,B5;I4,D1;I4
1000206,43708,2020-04-15,7.04,6,E5:E3;I10,S2:S3;I11,B5;I19,D2;I22
1000207,61431,2020-05-02,8.34,9,E6:E2;I10,S1:S4;I3,B3:B4:B4:B1;I24,D1;I13
1000208,70734,2020-05-24,13.57,10,E4:E2:E7;I18;I8,S4:S2:S1;I24;I12,B1:B2:B4;I15;I3,D2;I12;I13
1000209,67691,2020-12-04,14.29,10,E1:E1:E2;I3;I23,S4:S4:S1;I7;I7,B3:B5:B3;I21;I2,D2;I14;I9
1000210,88943,2020-03-23,26.62,9,E1:E6:E4:E4:E1:E7;I1;I15,S1;I8;I8,B1;I4;I7,D2;I7;I8
1000211,70947,2020-01-28,9.74,8,E6:E7;I20;I18,S1;I22;I3,B4:B4:B1:B5;I2;I7,D2;I3;I19
1000212,4545,2020-10-05,26.42,11,E1:E3:E7:E3:E5:E4;I2;I24,S2:S4;I19;I7,B1:B2;I14;I7,D1;I23;I6
1000213,86249,2020-08-27,25.01,12,E5:E1:E2:E4:E2:E7;I20,S2:S3;I12,B2:B3:B4;I20,D2;I4
1000214,62716,2020-03-18,5.75,8,E1;I23;I6,S4:S3;I16;I11,B1:B5:B1:B5;I16;I11,D2;I21;I13
1000215,67487,2020-12-24,11.93,8,E1:E5:E5;I3;I2,S4:S2;I24;I10,B5:B5;I23;I18,D2;I24;I19
1000216,39541,2020-10-06,14.22,7,E5:E5:E6:E7;I7,S3;I13,B1;I3,D1;I14
1000217,27852,2020-06-11,16.22,9,E4:E3:E7:E5;I5;I10,S2:S3:S3;I3;I23,B2;I23;I7,D2;I18;I2
1000218,7302,2020-04-16,8.84,8,E3:E7;I7,S3:S3;I9,B5:B2:B1;I6,D1;I13
1000219,6844,2020-02-10,17.11,11,E2:E5:E1:E7:E5;I19,S3:S3:S4;I12,B5:B3;I6,D1;I13
1000220,51678,2020-10-27,4.19,5,E5;I7,S2;I10,B1:B4;I3,D1;I11
1000221,73967,2020-07-29,14.58,11,E3:E2:E5:E6;I9,S3:S4;I2,B1:B5:B3:B1;I22,D1;I21
1000222,82511,2020-09-18,26.82,13,E2:E3:E4:E3:E7:E6;I2;I18,S2:S1:S2;I12;I21,B4:B4:B1;I3;I18,D2;I6;I2
1000223,7730,2020-10-03,14.99,9,E3:E1:E2;I22;I23,S1:S2;I24;I16,B5:B5:B1;I24;I22,D2;I16;I23
1000224,12562,2020-09-23,8.81,10,E3:E6;I3;I8,S4:S3:S4;I2;I7,B2:B2:B3:B5;I22;I8,D1;I19;I10
1000225,52829,2020-09-22,24.76,9,E5:E1:E7:E4:E7:E1;I20;I12,S1;I13;I6,B3;I6;I7,D1;I1;I14
1000226,53896,2020-12-13,10.88,8,E7:E4;I7;I1,S3;I15;I7,B4:B2:B5:B1;I2;I13,D1;I23;I7
1000227,48718,2020-03-18,27.92,11,E4:E1:E4:E6:E3:E7;I2;I13,S3:S4;I7;I23,B2:B5;I15;I3,D1;I19;I21
1000228,97385,2020-09-05,26.36,9,E4:E3:E5:E3:E7:E4;I20,S2;I23,B5;I8,D1;I15
1000229,76081,2020-09-03,10.53,9,E6:E5:E7;I10,S1;I16,B3:B3:B2:B1;I2,D1;I10
1000230,82225,2020-09-22,27.16,12,E4:E1:E1:E7:E4:E4;I8,S2;I8,B4:B3:B4:B3;I4,D1;I12
1000231,50420,2020-09-19,13.73,9,E1:E2:E2;I13;I7,S1:S2;I12;I12,B4:B2:B3;I9;I20,D1;I6;I12
1000232,64519,2020-04-26,16.38,9,E4:E5:E3:E6;I5;I4,S3:S1;I10;I11,B3:B2;I9;I6,D1;I11;I3
1000233,12576,2020-01-11,4.29,8,E2;I5,S1:S2:S4;I20,B5:B1:B3;I22,D1;I13
1000234,93029,2020-11-02,16.66,8,E4:E7:E7:E7;I6;I15,S2:S3;I11;I8,B4;I20;I2,D1;I6;I8
1000235,78074,2020-04-21,14.65,9,E3:E1:E3;I7;I23,S1:S2;I7;I18,B1:B3:B4;I23;I16,D1;I1;I15
1000236,15868,2020-09-17,24.53,12,E1:E1:E3:E2:E4:E5;I3,S3:S1;I9,B4:B5:B4;I13,D2;I2
1000237,96456,2020-11-26,10.39,9,E6:E3:E5;I8,S2:S3;I16,B1:B1:B4;I8,D1;I6
1000238,37056,2020-06-26,13.55,9,E1:E3:E1;I24;I16,S1:S2:S2;I13;I5,B4:B1;I24;I7,D1;I23;I15
1000239,65517,2020-05-28,14.57,11,E4:E7:E7;I11;I20,S2:S4:S1;I3;I19,B5:B4:B5:B1;I7;I20,D2;I8;I11
1000240,13645,2020-06-02,5.49,7,E7;I7;I1,S1;I2;I24,B4:B2:B4:B1;I15;I1,D2;I11;I20
1000241,79491,2020-10-02,9.74,9,E4:E6;I19,S4:S2:S4;I10,B4:B3:B4;I6,D2;I20
1000242,56151,2020-02-10,20.27,10,E4:E2:E5:E4;I2;I3,S2:S2;I5;I18,B3:B4:B2;I14;I16,D1;I22;I3
1000243,37295,2020-07-15,26.86,10,E4:E5:E6:E3:E4:E2;I20,S2;I11,B2:B2;I20,D1;I4
1000244,26330,2020-10-15,14.52,7,E1:E7:E7:E5;I3,S4;I1,B2;I24,D1;I18
1000245,91903,2020-03-05,18.54,7,E3:E1:E3:E4;I21,S1;I2,B1;I14,D1;I1
1000246,42787,2020-10-15,10,7,E1:E6;I18;I2,S1:S4:S2;I20;I1,B5;I24;I8,D2;I19;I21
1000247,82698,2020-11-06,18.23,10,E6:E5:E7:E6:E3;I14,S1;I22,B1:B5:B5;I13,D1;I11
1000248,93131,2020-03-26,11.83,9,E7:E3:E2;I16,S4;I22,B3:B1:B2:B1;I6,D1;I14
1000249,69645,2020-01-26,21.61,8,E3:E2:E4:E5:E7;I12;I21,S3;I4;I14,B1;I4;I2,D1;I1;I6
1000250,22047,2020-01-25,24.58,13,E6:E7:E1:E1:E3:E4;I10,S3:S4;I11,B1:B3:B1:B5;I19,D2;I8
1000251,8265,2020-05-21,7.68,6,E2:E5;I16;I11,S2;I10;I7,B2:B1;I19;I3,D2;I4;I24
1000252,38687,2020-10-29,17.14,9,E6:E1:E4:E6;I5,S2:S3:S2;I14,B5;I7,D2;I15
1000253,6721,2020-11-06,7.39,9,E4;I2;I4,S2:S3:S4;I7;I15,B5:B2:B5:B3;I20;I3,D1;I4;I4
1000254,69666,2020-07-15,10.04,7,E6:E2;I21;I12,S4:S2;I2;I9,B1:B4;I22;I22,D1;I18;I8
1000255,70516,2020-06-25,7.98,10,E2:E7;I10,S3:S1:S4;I10,B2:B2:B1:B2;I15,D2;I6
1000256,43300,2020-12-11,8.28,6,E5:E2;I1;I3,S3;I12;I23,B4:B5;I12;I18,D1;I8;I3
1000257,35442,2020-06-05,21.14,10,E2:E3:E2:E6:E6;I14;I3,S2;I24;I24,B5:B5:B4;I5;I10,D1;I12;I16
1000258,93172,2020-04-30,4.49,5,E2;I13,S1;I19,B5:B2;I1,D2;I15
1000259,99423,2020-07-22,4.99,6,E2;I19;I14,S4;I15;I22,B1:B5:B1;I21;I16,D1;I19;I4
1000260,97015,2020-10-22,22.81,9,E6:E7:E2:E4:E4;I18,S3:S3;I23,B5;I24,D2;I19
1000261,699,2020-03-29,20.77,9,E7:E7:E6:E5:E6;I24;I22,S2;I23;I15,B2:B4;I8;I6,D1;I8;I12
1000262,5143,2020-08-18,27.9,13,E4:E7:E3:E2:E4:E2;I6;I7,S2:S3:S4;I9;I19,B4:B1:B3;I16;I18,D2;I7;I24
1000263,20718,2020-09-18,11.59,6,E7:E3:E1;I14,S3;I20,B5;I8,D2;I12
1000264,49999,2020-03-15,12.23,8,E3:E2:E5;I22,S1;I2,B2:B4:B1;I21,D2;I20
1000265,57208,2020-11-03,4.49,5,E2;I16,S1;I9,B3:B5;I12,D2;I8
1000266,5748,2020-12-27,14.69,10,E1:E4:E6;I23,S2:S1;I10,B1:B5:B1:B3;I1,D2;I21
1000267,96257,2020-10-07,11.2,6,E5:E3:E3;I1;I6,S2;I18;I7,B4;I7;I3,D2;I7;I7
1000268,40238,2020-01-30,19.68,13,E7:E1:E4:E5:E3;I16,S4:S2:S4;I2,B1:B3:B4:B3;I21,D2;I21
1000269,43842,2020-05-17,12.78,6,E4:E4;I13;I7,S4;I16;I8,B1:B2;I20;I19,D1;I1;I20
1000270,74744,2020-08-28,16.98,9,E3:E7:E4:E1;I14,S3:S3:S4;I5,B4;I24,D1;I15
1000271,396,2020-07-16,5.45,8,E6;I15;I3,S3:S1;I18;I1,B1:B3:B2:B1;I3;I1,D1;I15;I7
1000272,87813,2020-02-29,15.49,9,E6:E6:E2:E7;I5,S3:S3:S2;I19,B5;I11,D2;I15
1000273,36759,2020-01-25,24.26,11,E3:E7:E4:E7:E6:E7;I9;I15,S1:S2;I4;I24,B2:B2;I2;I2,D2;I15;I15
1000274,27022,2020-12-12,23.78,14,E1:E5:E3:E3:E4:E1;I19,S4:S1:S2;I10,B3:B2:B4:B1;I10,D2;I5
1000275,48875,2020-07-12,15.2,9,E6:E4:E1;I12;I2,S3;I6;I6,B4:B1:B4:B2;I7;I4,D2;I15;I8
1000276,89889,2020-12-13,18.91,10,E3:E5:E4:E5:E2;I4,S3:S1:S3;I23,B2;I15,D2;I24
1000277,27187,2020-11-20,8.39,6,E4:E5;I4,S4:S1;I16,B3;I24,D1;I3
1000278,16484,2020-12-07,11.83,11,E3:E2:E7;I14,S2:S2:S4;I20,B5:B2:B5:B1;I18,D2;I16
1000279,7384,2020-02-11,14.43,9,E6:E4:E7;I24,S2:S1;I11,B5:B5:B4;I16,D2;I19
1000280,96930,2020-07-10,19.25,12,E1:E6:E3:E1:E1;I6,S3:S2:S2;I6,B3:B2:B3;I12,D1;I4
1000281,90052,2020-11-07,18.48,8,E6:E1:E2:E7;I21;I20,S2:S1;I3;I7,B4;I23;I8,D2;I6;I1
1000282,65173,2020-04-18,20.13,9,E6:E1:E7:E6:E7;I2,S2;I10,B1:B5;I18,D2;I9
1000283,89927,2020-01-07,17.43,8,E7:E3:E4:E5;I5;I2,S4:S1;I5;I9,B2;I12;I10,D2;I1;I15
1000284,49233,2020-11-15,17.08,10,E3:E4:E7:E3;I16,S2:S3;I5,B5:B1:B3;I23,D1;I11
1000285,38577,2020-04-08,7.18,10,E2:E5;I19,S2:S4:S1;I18,B3:B3:B2:B5;I20,D2;I15
1000286,74104,2020-06-23,16.32,8,E5:E4:E5:E6;I21,S2:S4;I11,B1;I6,D1;I22
1000287,78332,2020-12-14,12.93,9,E1:E5:E4;I3,S1:S3:S4;I4,B5:B4;I18,D1;I22
1000288,18411,2020-07-03,4.49,7,E2;I8;I12,S2:S3:S2;I23;I24,B3:B1;I16;I5,D1;I6;I24
1000289,35495,2020-08-23,8.98,9,E7:E7;I11;I7,S4:S3;I10;I2,B1:B3:B3:B3;I5;I7,D2;I22;I8
1000290,18954,2020-04-21,20.57,9,E1:E5:E2:E1:E4;I1;I16,S3:S1;I7;I2,B2;I12;I22,D1;I13;I13
1000291,33513,2020-01-03,23.06,10,E2:E3:E1:E7:E7:E2;I16,S2:S4;I16,B3;I19,D2;I16
1000292,64550,2020-05-04,7.08,7,E5:E5;I24,S3;I3,B4:B3:B5;I8,D2;I2
1000293,81367,2020-10-12,15.88,9,E5:E1:E2:E6;I3;I1,S2;I15;I22,B1:B3:B3;I13;I19,D1;I16;I15
1000294,41240,2020-07-29,2.99,6,E5;I5,S4:S3:S1;I21,B1;I5,D1;I18
1000295,42583,2020-02-04,22.41,11,E2:E4:E4:E7:E3;I6,S4:S4:S2;I6,B3:B5;I22,D2;I20
1000296,29145,2020-08-06,16.9,10,E1:E1:E3:E3;I22,S3:S3:S4;I7,B5:B5;I5,D1;I8
1000297,27155,2020-04-05,15.29,10,E6:E4:E3;I2;I14,S3:S1;I4;I4,B4:B2:B5:B1;I8;I24,D1;I3;I23
1000298,54077,2020-12-29,16.82,11,E2:E7:E7:E3;I7;I19,S3:S1;I11;I15,B5:B3:B4:B4;I14;I10,D2;I8;I9
1000299,77560,2020-06-02,13.39,7,E6:E4:E3;I6,S4:S1;I16,B4;I20,D2;I4
1000300,65988,2020-05-20,20.62,12,E5:E1:E7:E2:E4;I3;I9,S4:S1;I22;I6,B3:B3:B4:B1;I11;I24,D2;I20;I5
1000301,18499,2020-08-29,24.73,13,E3:E5:E1:E7:E4:E3;I21,S2:S1;I1,B2:B4:B4:B2;I24,D1;I1
1000302,52534,2020-10-04,4.16,7,E6;I6,S2;I14,B5:B5:B1:B3;I12,D1;I5
1000303,53235,2020-10-11,16.28,11,E7:E5:E6:E3;I18;I21,S4:S3;I20;I13,B3:B5:B2:B2;I8;I1,D1;I20;I21
1000304,35257,2020-12-09,4.35,7,E3;I13,S4;I23,B3:B3:B3:B5;I12,D2;I7
1000305,9890,2020-09-09,10.74,10,E1:E4;I3;I10,S3:S1:S1;I18;I19,B3:B3:B1:B2;I13;I7,D2;I23;I21
1000306,76917,2020-07-05,10.14,9,E1:E4;I1;I16,S3:S2;I16;I1,B2:B2:B2:B3;I20;I13,D1;I23;I2
1000307,22541,2020-11-04,21.31,10,E4:E7:E6:E4:E5;I19,S4:S2;I7,B1:B4;I15,D1;I9
1000308,18603,2020-10-12,5.19,4,E7;I22,S4;I10,B3;I3,D2;I7
1000309,70937,2020-11-30,24.24,10,E1:E3:E6:E2:E3:E3;I3;I8,S2:S3;I1;I6,B2;I11;I21,D1;I24;I2
1000310,64880,2020-07-16,27.12,12,E7:E4:E6:E6:E6:E4;I3;I9,S3;I12;I8,B2:B4:B3:B2;I12;I20,D1;I19;I12
1000311,44374,2020-08-11,19.8,13,E2:E1:E5:E5:E5:E7;I11,S1:S1:S4;I15,B5:B2:B1;I15,D2;I7
1000312,6986,2020-09-30,16.64,11,E7:E3:E1:E6;I22,S4:S1:S4;I18,B5:B3:B5;I18,D2;I15
1000313,48063,2020-03-13,23.26,10,E3:E3:E5:E2:E2:E5;I20;I14,S1:S4;I16;I23,B4;I18;I21,D1;I11;I22
1000314,94876,2020-07-29,18.98,10,E2:E2:E3:E1;I2;I2,S2;I12;I1,B1:B1:B5:B3;I4;I21,D2;I18;I23
1000315,79544,2020-07-23,22.69,8,E2:E6:E3:E3:E1;I2;I24,S1;I21;I21,B1;I16;I24,D2;I5;I1
1000316,61472,2020-11-13,23.47,11,E5:E1:E3:E4:E4;I18;I24,S3:S1:S2;I18;I1,B5:B5;I7;I13,D1;I9;I4
1000317,61598,2020-05-28,12.73,8,E2:E6:E5;I19;I24,S3:S1:S1;I4;I7,B5;I9;I7,D1;I12;I6
1000318,15986,2020-02-25,21.33,12,E3:E2:E1:E3:E4;I1,S3:S4;I12,B3:B5:B1:B5;I4,D2;I10
1000319,88712,2020-10-13,19.87,8,E5:E2:E4:E1:E1;I5,S1;I21,B1;I21,D2;I7
1000320,76415,2020-02-07,13.39,6,E6:E2:E3;I22,S2;I16,B1;I3,D1;I14
1000321,3141,2020-03-24,6.64,9,E5:E1;I9,S2:S4:S1;I14,B1:B4:B5;I2,D1;I21
1000322,5229,2020-10-01,13.73,11,E4:E6:E2;I15,S4:S3:S2;I14,B1:B5:B2:B2;I13,D1;I23
1000323,10351,2020-05-10,23.72,10,E6:E3:E5:E1:E4:E2;I9,S4:S2;I18,B1;I7,D1;I24
1000324,21196,2020-02-24,11.53,10,E5:E2:E6;I19;I14,S3:S1;I15;I5,B1:B2:B1:B4;I6;I12,D1;I9;I2
1000325,19981,2020-09-13,20.77,13,E4:E5:E1:E7:E1;I22,S3:S4:S2;I7,B2:B3:B5:B5;I23,D2;I21
1000326,51351,2020-09-27,11.45,5,E4:E3;I21;I16,S4;I23;I1,B1;I19;I19,D1;I7;I13
1000327,60376,2020-07-02,22.73,13,E6:E6:E4:E4:E1;I10,S4:S2:S1;I9,B4:B2:B5:B4;I19,D2;I4
1000328,84706,2020-11-17,19.97,10,E5:E1:E5:E1:E4;I2,S1:S3;I3,B5:B4;I22,D1;I5
1000329,59154,2020-12-21,25.32,11,E4:E5:E4:E1:E1:E6;I16,S3;I22,B1:B1:B1;I7,D1;I19
1000330,45897,2020-08-17,23.22,13,E6:E7:E3:E3:E7:E5;I6;I21,S2:S4:S4;I21;I24,B2:B2:B4;I24;I14,D1;I14;I2
1000331,92910,2020-02-04,18.52,11,E4:E6:E2:E7;I5;I7,S1:S4:S2;I16;I18,B2:B1:B5;I8;I16,D2;I14;I5
1000332,30438,2020-05-28,22.45,8,E4:E4:E5:E2:E2;I15;I19,S2;I23;I16,B5;I4;I10,D1;I2;I22
1000333,11782,2020-05-20,5.55,9,E3;I22,S1:S3:S1;I19,B1:B1:B1:B2;I3,D2;I11
1000334,38576,2020-05-20,23.26,11,E6:E2:E2:E2:E5:E1;I19;I10,S3:S2:S2;I1;I23,B1;I13;I19,D1;I11;I23
1000335,57792,2020-07-29,5.35,9,E3;I7,S4:S2:S1;I1,B1:B4:B5:B4;I10,D1;I22
1000336,69061,2020-04-22,3.99,7,E7;I8;I1,S3:S4:S1;I3;I5,B2:B3;I15;I24,D1;I7;I11
1000337,83595,2020-12-02,21.19,9,E3:E6:E2:E6:E6;I7;I4,S2:S1;I10;I3,B4;I23;I24,D2;I16;I4
1000338,74817,2020-07-07,16.49,10,E4:E6:E3;I21;I22,S2:S4:S2;I1;I18,B3:B1:B5;I14;I7,D1;I14;I10
1000339,21215,2020-01-26,9.57,9,E5:E5:E5;I7,S1:S1:S1;I4,B4:B1;I18,D1;I18
1000340,85640,2020-10-10,19.43,10,E5:E1:E2:E1:E1;I7,S2:S1:S1;I19,B5;I16,D2;I16
1000341,19184,2020-10-07,19.82,10,E5:E2:E7:E4:E1;I12,S4:S1:S3;I11,B3;I10,D2;I7
1000342,28913,2020-01-14,8.44,7,E2:E6;I6;I4,S1;I11;I13,B5:B3:B4;I6;I7,D2;I19;I8
1000343,82432,2020-06-22,23.08,14,E6:E6:E3:E5:E2:E6;I16;I19,S2:S3:S4;I5;I15,B5:B2:B3:B2;I14;I20,D2;I22;I7
1000344,81650,2020-02-04,8.48,7,E2:E2;I19,S2;I2,B2:B4:B2;I3,D1;I2
1000345,67175,2020-03-30,20.21,11,E5:E4:E7:E1:E5;I20;I1,S4;I20;I23,B2:B2:B5:B2;I14;I10,D1;I1;I7
1000346,9353,2020-05-24,9.54,6,E5:E6:E5;I4,S3;I7,B4;I2,D1;I9
1000347,73183,2020-11-19,5.69,4,E2;I7;I9,S3;I3;I3,B5;I2;I19,D2;I8;I8
1000348,77554,2020-06-02,18.37,11,E2:E3:E6:E7:E5;I15,S1;I3,B1:B2:B5:B4;I6,D1;I4
1000349,71369,2020-01-26,23.2,14,E7:E7:E2:E2:E5:E6;I20,S4:S1:S2;I4,B4:B2:B3:B2;I15,D2;I19
1000350,95531,2020-04-23,17.73,8,E1:E4:E4;I7;I22,S4:S1;I4;I8,B5:B4;I22;I11,D1;I1;I12
1000351,47764,2020-06-03,15.33,9,E5:E4:E3;I21;I2,S1:S1;I18;I11,B1:B1:B5;I24;I23,D1;I4;I23
1000352,76313,2020-07-29,25.31,10,E4:E5:E4:E6:E2:E7;I13,S3:S3;I1,B4;I24,D2;I19
1000353,91778,2020-06-04,15.42,9,E7:E7:E5:E3;I9;I23,S2;I4;I21,B4:B3:B2;I11;I19,D1;I16;I11
1000354,35420,2020-11-01,25.42,12,E1:E4:E2:E2:E1:E6;I18,S3:S3:S2;I21,B4:B5;I22,D2;I15
1000355,55406,2020-10-25,24.08,13,E3:E6:E5:E5:E1:E6;I24;I23,S2:S2;I20;I24,B3:B1:B3:B1;I24;I20,D2;I7;I13
1000356,16264,2020-05-05,15.66,8,E2:E2:E5:E2;I13;I13,S4:S2;I20;I6,B1;I19;I14,D2;I22;I19
1000357,65147,2020-12-06,15.84,9,E1:E1:E6:E2;I12,S2;I4,B2:B5:B5;I8,D1;I9
1000358,26654,2020-04-30,12.89,10,E4:E1:E1;I8,S4:S2;I9,B5:B1:B5:B5;I4,D1;I7
1000359,82398,2020-08-31,10.94,7,E4:E3;I21,S3;I22,B4:B1:B2;I7,D1;I4
1000360,1618,2020-10-14,4.95,5,E3;I3,S3;I13,B2:B5;I8,D1;I10
1000361,57121,2020-01-25,20.47,13,E6:E5:E6:E5:E4;I19;I7,S3:S1:S4;I7;I10,B3:B3:B2:B2;I6;I19,D2;I16;I18
1000362,56924,2020-06-22,16.32,12,E5:E1:E2:E5;I7;I2,S2:S1:S2;I12;I18,B4:B4:B3:B3;I12;I14,D1;I22;I3
1000363,55,2020-09-11,5.69,6,E2;I2,S3:S1;I22,B5:B5;I19,D1;I10
1000364,69600,2020-04-30,26.82,11,E6:E3:E2:E4:E6:E5;I7;I2,S3:S1;I11;I8,B3:B1;I10;I8,D2;I1;I8
1000365,6995,2020-10-29,17.87,10,E7:E7:E6:E5:E6;I11,S4:S4;I19,B1:B1;I18,D1;I10
1000366,50247,2020-10-09,13.49,8,E1:E6:E4;I12,S2:S2;I6,B4:B2;I9,D1;I10
1000367,15706,2020-03-29,18.18,8,E7:E4:E6:E1;I22,S2;I5,B3:B2;I2,D1;I16
1000368,95430,2020-07-02,4.7,9,E2;I18;I8,S3:S2:S2;I4;I18,B1:B2:B4:B3;I19;I16,D2;I14;I11
1000369,8330,2020-01-28,10.93,6,E3:E5:E5;I23,S4;I2,B1;I22,D2;I24
1000370,99398,2020-11-15,8.6,5,E6:E1;I14;I19,S4;I9;I6,B3;I15;I6,D2;I5;I18
1000371,9501,2020-10-27,17.31,12,E1:E5:E2:E7:E5;I9;I14,S2:S2;I9;I4,B2:B5:B1:B1;I2;I14,D2;I23;I12
1000372,6182,2020-09-17,22.47,9,E6:E7:E4:E3:E4;I13,S3;I8,B1:B1;I18,D2;I4
1000373,69616,2020-11-30,13.09,10,E4:E6:E3;I8,S4:S4:S2;I10,B1:B5:B5;I1,D1;I9
1000374,65545,2020-01-17,18.12,9,E7:E7:E4:E1;I10;I7,S4:S4;I14;I20,B3:B3;I7;I15,D1;I13;I20
1000375,29333,2020-05-29,14.02,10,E6:E7:E5:E7;I16,S4;I22,B5:B1:B5:B3;I21,D1;I14
1000376,52828,2020-05-25,21.77,11,E6:E7:E7:E2:E1;I7;I24,S4:S2;I7;I5,B1:B1:B4;I18;I15,D2;I4;I4
1000377,33147,2020-11-07,23.23,13,E6:E3:E1:E7:E5:E4;I9,S1:S1:S1;I12,B1:B3:B1;I12,D1;I23
1000378,11693,2020-03-14,26.76,11,E6:E1:E4:E4:E7:E5;I19;I20,S4:S1:S2;I2;I24,B1;I20;I11,D1;I19;I4
1000379,26306,2020-06-16,20.56,13,E3:E5:E7:E7:E5:E6;I11,S2:S4;I6,B4:B4:B3:B4;I2,D1;I2
1000380,62901,2020-10-11,9.64,6,E2:E6;I6;I7,S2;I1;I7,B1:B2;I22;I22,D1;I23;I12
1000381,33218,2020-03-10,24.58,11,E7:E6:E6:E3:E4:E3;I5,S3;I4,B1:B4:B4;I6,D2;I11
1000382,32065,2020-01-18,8.14,7,E3:E2;I4,S4:S3:S3;I15,B3;I1,D2;I8
1000383,81043,2020-05-16,16.92,9,E7:E7:E4:E3;I18,S2:S4:S3;I20,B3;I4,D2;I4
1000384,79530,2020-01-31,15.8,9,E1:E6:E1:E6;I5;I6,S2:S1;I10;I11,B3:B1;I12;I15,D1;I22;I1
1000385,12892,2020-07-26,20.27,13,E1:E5:E6:E4:E5;I2;I9,S1:S1:S2;I3;I18,B4:B5:B4:B2;I2;I24,D2;I15;I11
1000386,22244,2020-02-26,23.77,11,E5:E7:E4:E6:E2:E6;I12,S3:S3;I16,B2:B1;I2,D2;I13
1000387,25251,2020-01-01,24.03,12,E4:E6:E3:E3:E4;I22,S4:S3;I9,B5:B2:B2:B3;I13,D1;I21
1000388,86619,2020-10-11,8.1,7,E1:E3;I16,S4:S4;I18,B2:B2;I7,D2;I15
1000389,81766,2020-07-09,22.77,12,E4:E4:E5:E1:E6;I2,S2:S2;I9,B2:B2:B2:B4;I7,D2;I5
1000390,6572,2020-01-11,5.89,6,E4;I10,S3:S3;I13,B1:B5;I2,D1;I9
1000391,83845,2020-12-27,15.98,10,E1:E2:E1:E2;I10,S3:S4;I15,B4:B3:B2;I24,D1;I6
1000392,92120,2020-08-11,17.77,7,E2:E5:E4:E2;I20;I8,S1;I9;I6,B2;I12;I7,D1;I6;I18
1000393,93325,2020-08-03,24.1,14,E6:E4:E7:E7:E7:E5;I24,S1:S3:S4;I4,B1:B4:B5:B5;I9,D1;I9
1000394,16011,2020-11-29,10.47,6,E7:E2:E5;I6,S2;I22,B2;I15,D1;I6
1000395,65558,2020-09-07,8.14,8,E1:E5;I22,S4:S3;I11,B5:B5:B4;I14,D2;I13
1000396,53284,2020-10-12,16.89,10,E2:E7:E6:E6;I20,S3:S2;I9,B5:B5:B2;I12,D1;I14
1000397,80474,2020-08-19,13.93,6,E2:E2:E1;I1;I24,S1;I12;I3,B3;I3;I24,D1;I12;I4
1000398,83391,2020-11-02,7.69,8,E7:E7;I18,S2:S4:S2;I19,B3:B2;I1,D2;I8
1000399,90653,2020-08-27,15.84,10,E5:E3:E3:E1;I2,S2:S2:S3;I15,B5:B5;I24,D1;I1
1000400,5755,2020-08-07,11.08,5,E4:E4;I4,S2;I24,B1;I16,D1;I9
1000401,37945,2020-02-09,15.68,11,E1:E5:E6:E7;I22;I9,S4:S3;I15;I23,B3:B3:B2:B4;I18;I14,D1;I22;I24
1000402,90704,2020-11-24,22.03,10,E1:E3:E5:E1:E7:E2;I10,S4;I21,B1:B3;I23,D2;I10
1000403,86328,2020-09-23,20.47,10,E5:E6:E2:E3:E4;I1;I9,S3:S1:S2;I1;I23,B2;I1;I6,D2;I2;I6
1000404,21194,2020-01-15,6.05,7,E6;I18;I7,S2:S1:S3;I3;I4,B3:B4;I14;I14,D2;I8;I18
1000405,39352,2020-10-09,20.91,12,E2:E1:E7:E7:E2;I16;I23,S3:S1:S2;I11;I22,B4:B3:B3;I10;I12,D2;I23;I4
1000406,20321,2020-12-07,16.18,8,E5:E4:E6:E1;I14,S1:S1;I9,B5;I7,D2;I15
1000407,53608,2020-02-20,11.48,5,E5:E4;I23;I23,S2;I22;I7,B1;I8;I18,D1;I9;I19
1000408,22291,2020-07-01,11.89,6,E6:E1:E7;I6;I16,S1;I20;I24,B4;I21;I12,D2;I13;I13
1000409,7237,2020-01-14,21.73,13,E1:E5:E3:E4:E3;I15;I21,S2:S3:S2;I15;I1,B3:B4:B4:B3;I24;I4,D1;I23;I22
1000410,84083,2020-05-04,18.32,9,E4:E3:E4:E7;I9,S3:S3:S2;I4,B3;I1,D2;I16
1000411,67881,2020-07-11,7.38,9,E5:E7;I18;I19,S1:S1;I20;I10,B5:B5:B2:B1;I9;I2,D2;I2;I1
1000412,26580,2020-05-29,15.88,8,E6:E7:E6:E5;I7;I13,S3:S4;I21;I13,B2;I7;I19,D2;I19;I11
1000413,49505,2020-05-15,21.35,9,E7:E7:E7:E7:E2;I2;I23,S4:S2;I14;I7,B3;I2;I14,D2;I21;I3
1000414,961,2020-07-15,19.2,11,E1:E6:E2:E1:E3;I8,S3:S2;I3,B5:B5:B3;I9,D2;I2
1000415,49024,2020-07-01,20.83,11,E2:E1:E3:E7:E1;I22;I6,S2;I5;I20,B3:B3:B5:B5;I11;I22,D2;I4;I20
1000416,75880,2020-04-23,12.6,11,E6:E7:E6;I18;I18,S2:S4:S1;I23;I22,B1:B4:B1:B1;I2;I4,D2;I19;I16
1000417,36317,2020-06-04,15.66,9,E7:E7:E2:E2;I9;I15,S1:S1:S3;I22;I12,B4;I8;I23,D1;I2;I20
1000418,23622,2020-10-10,11.09,7,E3:E1:E5;I13;I5,S4:S3;I14;I13,B2;I2;I21,D1;I24;I21
1000419,19914,2020-10-30,26.05,14,E7:E7:E2:E2:E4:E7;I21;I19,S4:S4:S2;I1;I3,B1:B3:B1:B5;I2;I7,D2;I4;I13
1000420,94232,2020-09-01,10.53,11,E5:E3:E7;I16,S3:S3:S4;I20,B2:B3:B2:B2;I16,D1;I21
1000421,71525,2020-04-17,14.93,7,E7:E3:E4;I23;I14,S1:S2;I19;I13,B3;I18;I21,D2;I9;I7
1000422,12245,2020-05-15,13.13,8,E1:E4:E7;I15,S3;I7,B3:B3:B1;I12,D2;I12
1000423,13306,2020-01-12,20.43,11,E3:E3:E3:E5:E2;I24;I14,S1:S4;I11;I18,B5:B1:B1;I1;I19,D1;I1;I9
1000424,49206,2020-09-08,11.27,11,E5:E4:E5;I11,S2:S2:S2;I6,B4:B1:B2:B3;I14,D2;I12
1000425,16940,2020-08-12,16.28,9,E2:E6:E1:E5;I2;I6,S1;I23;I6,B5:B4:B3;I10;I9,D1;I21;I2
1000426,78895,2020-06-24,24.56,12,E1:E5:E1:E7:E4:E7;I14;I7,S2:S4:S2;I5;I9,B5:B2;I23;I18,D2;I5;I6
1000427,26293,2020-11-10,16.18,7,E1:E4:E6:E5;I15,S4;I6,B2;I21,D2;I7
1000428,22462,2020-02-01,9.74,8,E4:E6;I11,S1;I23,B1:B2:B1:B4;I3,D1;I14
1000429,41137,2020-08-15,8,8,E1:E1;I11,S1:S1:S1;I7,B3:B2;I3,D2;I13
1000430,98860,2020-12-13,11.34,7,E1:E4;I20;I13,S2;I4;I21,B1:B1:B5;I12;I10,D2;I4;I6
1000431,3054,2020-12-07,19.78,11,E6:E2:E1:E5:E7;I2;I6,S3:S4:S1;I6;I19,B3:B2;I8;I16,D1;I20;I9
1000432,56092,2020-06-15,24.77,10,E3:E4:E6:E7:E4;I24;I3,S1:S2:S2;I7;I1,B4;I6;I7,D1;I1;I13
1000433,64295,2020-12-29,24.6,14,E6:E2:E5:E4:E7:E7;I23,S3:S3:S3;I14,B3:B4:B1:B3;I3,D1;I22
1000434,55899,2020-04-06,7.09,7,E4;I20,S3;I14,B5:B3:B1:B4;I16,D1;I19
1000435,59551,2020-09-12,16.05,10,E5:E2:E5:E7:E5;I15,S4:S2:S1;I14,B4;I3,D2;I10
1000436,67654,2020-07-07,28.64,10,E2:E4:E4:E4:E2:E7;I15;I19,S2;I21;I23,B2:B3;I20;I2,D2;I1;I18
1000437,27598,2020-06-05,27.8,13,E4:E4:E2:E4:E3:E7;I4,S3:S3;I21,B3:B2:B4:B3;I10,D2;I7
1000438,82077,2020-04-18,18.73,7,E2:E1:E2:E4;I3;I19,S1;I23;I23,B5;I1;I7,D2;I12;I3
1000439,23362,2020-05-20,6.88,8,E2:E5;I9,S2;I14,B2:B3:B4:B5;I20,D1;I10
1000440,2525,2020-02-16,5.39,7,E2;I4;I3,S2;I21;I6,B1:B5:B1:B1;I4;I3,D2;I15;I6
1000441,21885,2020-12-23,18.02,10,E6:E7:E2:E7:E5;I12,S4;I16,B2:B5:B4;I16,D1;I9
1000442,66436,2020-12-25,11.67,8,E2:E2:E7;I9,S3:S1;I24,B5:B1;I6,D1;I22
1000443,25506,2020-09-06,4.25,6,E1;I11,S4;I2,B1:B4:B3;I20,D1;I7
1000444,67201,2020-06-13,23.58,10,E1:E1:E7:E5:E3:E3;I23;I13,S4:S2;I18;I2,B5;I22;I7,D2;I21;I20
1000445,19859,2020-12-01,12.07,7,E7:E4:E5;I1,S3;I16,B2:B5;I7,D2;I8
1000446,62565,2020-03-20,23.8,13,E3:E7:E7:E2:E7:E2;I7,S2:S2;I12,B4:B2:B2:B3;I21,D1;I7
1000447,64880,2020-07-25,17,8,E6:E1:E6:E3;I21,S3:S4;I19,B4;I23,D2;I8
1000448,21043,2020-10-06,16.78,8,E6:E7:E1:E4;I5,S2;I10,B3:B3;I14,D1;I10
1000449,71656,2020-10-28,7.94,7,E1:E5;I7,S4:S1;I16,B3:B5;I4,D2;I4
1000450,42709,2020-11-22,8.74,9,E5:E6;I14;I23,S3:S1;I11;I10,B1:B4:B3:B1;I6;I11,D2;I12;I23
1000451,30810,2020-04-08,14.36,11,E5:E2:E7:E2;I9,S2:S3:S1;I2,B1:B5:B1;I11,D1;I10
1000452,98424,2020-12-11,8.94,9,E6:E2;I3,S2:S2:S4;I4,B4:B4:B4;I22,D1;I20
1000453,57990,2020-02-27,5.99,8,E2;I7;I1,S2:S2;I18;I22,B1:B3:B5:B4;I13;I3,D1;I16;I16
1000454,71624,2020-11-03,20.04,9,E1:E4:E6:E6;I22;I7,S4:S3:S2;I9;I12,B4;I12;I8,D2;I22;I23
1000455,54810,2020-11-13,9.74,9,E4:E6;I11,S1:S2;I16,B4:B1:B5:B3;I14,D2;I6
1000456,97166,2020-04-01,14.88,10,E3:E5:E2:E6;I14,S2:S2:S4;I2,B3:B4;I19,D2;I7
1000457,99195,2020-10-21,22.36,9,E6:E5:E2:E3:E2:E7;I12,S2;I6,B4;I2,D1;I18
1000458,46284,2020-11-19,23.08,12,E3:E5:E3:E6:E1:E7;I3;I13,S3:S2;I16;I21,B1:B5:B5;I8;I14,D2;I23;I5
1000459,4848,2020-09-15,21.72,11,E5:E1:E7:E1:E5:E3;I7,S2;I2,B5:B1:B4;I16,D1;I9
1000460,25928,2020-05-09,23.57,11,E4:E4:E3:E1:E7;I23,S4:S3;I7,B4:B4:B4;I12,D1;I24
1000461,17600,2020-04-20,12.89,9,E6:E7:E6;I21,S1:S4:S1;I20,B4:B3;I24,D1;I16
1000462,48060,2020-10-17,5.69,4,E2;I22,S4;I8,B1;I7,D1;I5
1000463,25518,2020-08-23,25.16,11,E5:E3:E3:E7:E4:E4;I13,S2;I13,B5:B4:B3;I11,D2;I5
1000464,13136,2020-06-22,12.93,10,E6:E4:E7;I9,S4:S2:S4;I22,B1:B2:B4;I5,D2;I6
1000465,83213,2020-03-21,18.77,10,E5:E3:E2:E2:E1;I15,S1:S3:S4;I4,B5;I13,D1;I21
1000466,83229,2020-03-04,25.25,12,E4:E4:E5:E4:E4;I10;I14,S1:S3:S1;I16;I18,B3:B2:B1;I3;I8,D2;I7;I24
1000467,52414,2020-06-30,22.17,12,E6:E2:E4:E7:E1;I23,S1:S3:S1;I24,B1:B5:B1;I21,D1;I5
1000468,87698,2020-03-13,4.35,7,E6;I10,S3:S4;I18,B1:B4:B3;I14,D2;I23
1000469,27762,2020-08-10,9.88,7,E4:E2;I14,S4:S3:S3;I9,B4;I22,D1;I10
1000470,54504,2020-06-03,18.25,11,E2:E7:E5:E5:E7;I9;I24,S4;I10;I19,B4:B4:B2:B4;I6;I21,D2;I2;I15
1000471,90342,2020-06-28,14.95,11,E5:E1:E6:E6;I19;I5,S2:S2;I12;I18,B5:B5:B4:B3;I7;I21,D2;I4;I18
1000472,41136,2020-08-12,7.78,9,E2:E7;I4,S1:S4:S4;I12,B1:B5:B2;I6,D1;I13
1000473,36657,2020-05-09,17.64,8,E1:E6:E6:E2;I2;I11,S3;I4;I11,B1:B5;I14;I7,D2;I6;I12
1000474,18140,2020-09-13,28.92,12,E1:E4:E4:E4:E1:E3;I18;I18,S4;I24;I6,B1:B4:B3:B4;I24;I4,D2;I20;I21
1000475,7592,2020-03-05,8.2,6,E3:E6;I14,S4:S3;I20,B5;I14,D2;I1
1000476,21247,2020-05-24,14.49,9,E4:E3:E1;I7,S1:S2:S1;I5,B2:B3;I13,D2;I14
1000477,53139,2020-12-20,7.39,9,E4;I14;I7,S2:S1:S2;I22;I12,B5:B2:B5:B3;I12;I13,D2;I8;I11
1000478,94886,2020-08-26,19.13,13,E3:E7:E3:E1:E7;I9;I19,S1:S1:S2;I20;I24,B5:B3:B1:B3;I9;I4,D1;I11;I4
1000479,12599,2020-07-01,14.64,11,E1:E6:E5:E3;I19,S3:S4:S1;I4,B3:B2:B3;I11,D1;I7
1000480,11774,2020-07-15,13.59,9,E3:E4:E3;I14,S3:S1;I11,B1:B1:B1;I9,D1;I2
1000481,90801,2020-10-08,20.22,10,E2:E4:E1:E4;I2,S4:S2;I20,B1:B5:B4;I14,D1;I7
1000482,80928,2020-03-12,13.23,9,E5:E2:E1;I3;I2,S3;I5;I3,B3:B4:B3:B2;I14;I10,D2;I5;I9
1000483,25105,2020-06-15,20.67,13,E1:E7:E4:E1:E7;I10;I5,S4:S3:S4;I16;I23,B4:B5:B4:B1;I1;I1,D2;I11;I2
1000484,19358,2020-07-21,16.34,10,E2:E3:E1:E1;I10;I19,S3:S1;I24;I23,B1:B2:B1;I7;I7,D1;I16;I7
1000485,36999,2020-07-30,11.95,8,E3:E6:E1;I16,S4:S2:S4;I2,B1;I4,D2;I21
1000486,2983,2020-10-28,19.07,10,E6:E2:E1:E2:E5;I4;I1,S4;I22;I5,B2:B5:B4;I10;I7,D2;I7;I7
1000487,98536,2020-09-07,6.84,6,E6:E5;I5,S2:S3;I7,B2;I19,D2;I19
1000488,5713,2020-11-27,21.83,13,E7:E3:E1:E7:E6;I22;I21,S1:S2:S2;I10;I7,B2:B5:B5:B3;I21;I6,D2;I18;I7
1000489,8197,2020-10-21,11.53,8,E5:E6:E2;I1;I15,S1:S4;I3;I13,B4:B5;I16;I16,D1;I13;I15
1000490,60504,2020-06-03,21.91,12,E2:E1:E4:E5:E5;I22;I2,S3:S2;I19;I21,B3:B5:B4:B3;I7;I20,D1;I22;I18
1000491,90324,2020-12-24,19.14,11,E7:E1:E3:E1:E5;I3;I1,S3:S2;I20;I24,B2:B5:B1;I18;I5,D2;I13;I8
1000492,37213,2020-03-07,25.26,10,E4:E7:E6:E7:E7:E3;I23,S3;I20,B2:B4;I4,D2;I1
1000493,73989,2020-11-04,29.36,9,E4:E4:E4:E6:E7:E6;I13;I7,S4;I12;I24,B4;I8;I4,D2;I7;I6
1000494,50300,2020-04-26,19.65,9,E3:E6:E6:E3:E1;I9;I6,S1;I8;I14,B5:B3;I14;I4,D1;I15;I3
1000495,24161,2020-05-17,9.18,9,E4:E7;I6,S3:S1;I9,B2:B5:B4:B4;I24,D2;I24
1000496,22061,2020-08-24,8.04,5,E7:E6;I18,S2;I24,B2;I16,D2;I23
1000497,7445,2020-05-07,13.2,9,E3:E6:E7;I13;I7,S4:S2:S3;I14;I7,B3:B5;I3;I19,D2;I6;I9
1000498,72948,2020-06-03,25.76,10,E4:E1:E7:E7:E4:E1;I10,S3;I24,B1:B1;I13,D2;I18
1000499,6254,2020-08-07,5.95,6,E1;I2;I19,S4:S1;I7;I13,B3:B1;I5;I20,D2;I20;I3
1000500,82260,2020-05-23,23.9,13,E5:E5:E2:E6:E7:E4;I4;I7,S1:S3:S1;I12;I8,B5:B2:B4;I15;I4,D1;I10;I4
1000501,57874,2020-09-26,23.74,12,E3:E6:E3:E2:E3:E3;I13,S3:S2:S2;I23,B5:B4;I5,D1;I23
1000502,36062,2020-09-16,5.35,7,E3;I7,S3;I20,B4:B4:B5:B1;I2,D2;I7
1000503,73283,2020-02-03,20.81,9,E7:E4:E5:E2:E1;I7,S1:S3;I22,B1;I14,D1;I3
1000504,99393,2020-03-16,9.78,9,E5:E4;I20,S1:S3;I1,B4:B3:B2:B1;I7,D1;I16
1000505,91998,2020-12-05,23.67,12,E7:E6:E4:E6:E4;I21,S4:S2:S2;I21,B1:B1:B4;I22,D2;I19
1000506,55459,2020-08-06,9.3,8,E1:E3;I2,S3;I14,B5:B3:B1:B1;I19,D2;I2
1000507,23629,2020-04-04,26.82,9,E3:E6:E4:E4:E7:E6;I18;I5,S1;I18;I7,B3;I7;I8,D2;I15;I11
1000508,55846,2020-01-21,10.54,5,E2:E1;I3;I20,S1;I13;I2,B3;I3;I7,D2;I12;I16
1000509,48761,2020-02-26,22.07,8,E7:E2:E3:E4:E1;I3;I14,S4;I11;I7,B4;I9;I6,D1;I16;I11
1000510,99770,2020-10-26,10.57,11,E7:E5:E5;I20,S4:S2:S1;I15,B4:B3:B1:B3;I23,D2;I16
1000511,11653,2020-08-12,15.23,8,E3:E2:E2;I22;I2,S1:S3;I18;I11,B2:B3;I3;I1,D2;I1;I21
1000512,76746,2020-01-15,26.02,12,E2:E4:E1:E6:E3:E7;I23,S3:S3:S4;I19,B3:B3;I2,D2;I10
1000513,86421,2020-03-22,25.1,13,E3:E4:E5:E2:E2:E7;I24,S4:S4;I11,B4:B3:B3:B5;I18,D2;I5
1000514,59415,2020-06-10,25.18,13,E3:E6:E1:E4:E3:E2;I10,S2:S3:S2;I24,B1:B1:B2;I8,D1;I13
1000515,24620,2020-04-15,12.67,7,E2:E2:E5;I20;I6,S4:S4;I14;I20,B4;I14;I7,D2;I11;I15
1000516,85023,2020-02-10,4.25,6,E1;I1,S3:S2;I10,B2:B3;I13,D1;I7
1000517,10190,2020-10-03,19.52,10,E1:E4:E7:E4;I7,S3:S3;I13,B1:B5:B4;I9,D2;I20
1000518,66252,2020-06-14,22.44,12,E5:E6:E3:E3:E6:E3;I15,S1;I9,B3:B4:B5:B5;I15,D2;I5
1000519,61157,2020-07-02,19.18,9,E7:E1:E1:E2:E5;I7,S3;I14,B5:B1;I21,D2;I20
1000520,72144,2020-09-18,5.45,6,E1;I21,S2:S1:S2;I13,B3;I12,D2;I9
1000521,85629,2020-06-23,24.51,11,E4:E3:E4:E4:E7;I12;I14,S4;I8;I12,B4:B1:B4:B3;I22;I15,D1;I14;I12
1000522,23390,2020-07-05,3.49,4,E5;I13;I6,S3;I21;I7,B2;I20;I5,D1;I20;I2
1000523,69591,2020-07-08,12.09,9,E1:E6:E2;I14,S3:S2;I4,B3:B2:B4;I24,D1;I19
1000524,88327,2020-06-18,5.05,7,E3;I14;I18,S4:S3;I11;I23,B5:B4:B1;I16;I5,D1;I7;I24
1000525,60951,2020-07-15,20.47,10,E2:E3:E1:E7:E4;I8,S3:S2:S2;I20,B1;I23,D2;I13
1000526,32557,2020-04-10,18.99,11,E6:E7:E1:E6:E1;I6,S2;I16,B3:B1:B4:B4;I12,D2;I16
1000527,50441,2020-12-13,19.86,9,E1:E6:E1:E3:E6;I5;I15,S1;I8;I8,B5:B4;I1;I10,D2;I7;I6
1000528,31596,2020-09-09,21.57,13,E3:E4:E2:E6:E2;I13,S2:S2:S4;I14,B2:B5:B5:B1;I22,D1;I11
1000529,79580,2020-09-22,4.85,5,E3;I11;I14,S4;I8;I10,B3:B1;I4;I3,D1;I1;I10
1000530,96443,2020-03-27,17.58,9,E7:E4:E3:E3;I11;I19,S3;I22;I1,B2:B1:B5;I7;I16,D2;I18;I4
1000531,15706,2020-10-11,22.43,11,E1:E4:E1:E2:E6;I23,S3:S1;I19,B2:B4:B5;I9,D2;I24
1000532,57762,2020-11-01,21.41,9,E7:E7:E7:E4:E1;I4;I7,S2;I7;I24,B5:B4;I8;I1,D2;I23;I21
1000533,27161,2020-06-26,14.89,7,E4:E3:E3;I5;I7,S2:S2;I1;I12,B2;I21;I16,D2;I23;I21
1000534,36199,2020-12-10,10.28,8,E5:E4;I23;I19,S2:S4;I3;I9,B2:B3:B5;I11;I14,D1;I1;I2
1000535,61911,2020-08-17,9.9,5,E6:E3;I21;I11,S4;I19;I12,B1;I1;I22,D2;I18;I11
1000536,87025,2020-01-08,24.97,13,E4:E7:E3:E3:E2:E5;I21,S3:S1:S1;I16,B3:B3:B1;I23,D1;I9
1000537,4635,2020-10-21,16.68,11,E3:E7:E1:E4;I9,S3:S2:S1;I15,B1:B3:B5;I14,D2;I9
1000538,44258,2020-07-17,4.65,5,E6;I6;I19,S4;I5;I24,B1:B4;I6;I7,D2;I8;I7
1000539,34728,2020-05-30,16.23,8,E6:E4:E4;I3;I12,S1:S1;I9;I21,B1:B4;I10;I22,D1;I18;I23
1000540,79284,2020-04-01,17.88,11,E2:E1:E1:E2;I24;I18,S4:S4;I15;I18,B1:B4:B5:B5;I19;I7,D1;I19;I4
1000541,58316,2020-10-16,24.11,12,E7:E6:E4:E2:E4;I15;I7,S3:S3;I19;I18,B2:B1:B1:B1;I22;I3,D1;I11;I7
1000542,38696,2020-06-08,4.35,7,E3;I12,S4:S1:S1;I3,B1:B1;I1,D1;I15
1000543,68204,2020-08-04,13.13,9,E1:E4:E7;I16,S2:S4;I16,B3:B1:B3;I22,D2;I21
1000544,1210,2020-12-29,26.96,11,E1:E7:E5:E4:E3:E4;I18;I20,S4:S2;I23;I2,B5:B5;I20;I18,D2;I15;I20
1000545,20344,2020-08-22,12.89,9,E3:E7:E3;I24,S2:S2:S3;I1,B2:B5;I20,D1;I22
1000546,13973,2020-01-09,13.93,8,E5:E6:E4;I2;I6,S1:S2;I1;I6,B2:B1;I15;I21,D2;I15;I22
1000547,63845,2020-12-12,5.89,6,E4;I16,S4:S4:S1;I18,B3;I16,D2;I19
1000548,43937,2020-06-25,14.37,9,E2:E7:E4;I7,S1;I23,B2:B2:B1:B3;I1,D1;I10
1000549,98667,2020-04-01,3.69,8,E5;I19;I19,S4:S1:S3;I16;I6,B2:B2:B5;I12;I1,D1;I20;I4
1000550,77279,2020-05-22,17.28,9,E7:E2:E1:E3;I22;I14,S2:S1;I18;I10,B1:B2;I18;I4,D2;I20;I15
1000551,39385,2020-07-13,4.69,7,E5;I7;I13,S4:S4;I9;I1,B1:B1:B3;I16;I19,D2;I6;I1
1000552,42371,2020-04-20,25.5,10,E5:E3:E4:E7:E5:E4;I7;I12,S3:S3;I1;I7,B1;I5;I7,D1;I14;I6
1000553,2512,2020-05-17,16.52,9,E3:E4:E7:E7;I6,S2;I16,B2:B1:B3;I7,D2;I22
1000554,24085,2020-10-08,6.06,5,E3;I23;I10,S1;I6;I7,B5:B5;I8;I5,D1;I21;I2
1000555,69454,2020-09-18,10.63,8,E2:E5:E1;I9,S1:S3;I1,B2:B5;I15,D2;I12
1000556,44274,2020-06-05,13.23,9,E4:E7:E6;I8;I11,S4:S2;I21;I9,B4:B4:B1;I3;I18,D2;I3;I14
1000557,61063,2020-01-18,18.68,8,E4:E1:E2:E3;I24,S1:S2;I18,B3;I2,D1;I14
1000558,72550,2020-10-16,22.27,9,E3:E4:E3:E7:E4;I5,S1;I12,B2:B5;I6,D2;I16
1000559,60449,2020-04-26,7.94,8,E5:E1;I7,S4:S1;I18,B4:B1:B5;I5,D2;I14
1000560,59521,2020-02-05,8.5,6,E1:E1;I1;I15,S1:S4;I6;I12,B3;I8;I21,D2;I14;I8
1000561,14067,2020-03-16,17.48,9,E6:E4:E3:E5;I22,S1:S3;I23,B3:B3;I10,D2;I4
1000562,45983,2020-05-25,12.07,8,E5:E4:E7;I10,S1:S4:S4;I4,B3;I19,D1;I4
1000563,30035,2020-04-10,15.17,10,E4:E4:E5;I22,S1:S3;I4,B4:B1:B4:B1;I22,D2;I22
1000564,76356,2020-04-01,3.49,5,E7;I8,S4;I14,B1:B1;I24,D2;I6
1000565,58728,2020-01-16,13.83,8,E5:E4:E6;I9;I2,S1:S2;I12;I5,B5:B5;I18;I14,D2;I14;I4
1000566,69631,2020-03-10,17.28,8,E3:E6:E5:E7;I20;I2,S2;I21;I5,B4:B1;I7;I8,D1;I10;I10
1000567,88233,2020-08-14,3.19,4,E5;I1,S4;I7,B4;I4,D2;I5
1000568,49983,2020-06-09,9.88,7,E4:E2;I19,S4:S1;I5,B5:B2;I22,D2;I8
1000569,10656,2020-05-07,16.18,9,E3:E4:E5:E1;I11,S3;I14,B3:B5:B1;I15,D1;I10
1000570,26225,2020-11-15,15.04,8,E5:E6:E3:E3;I13;I4,S1;I11;I3,B4:B3;I16;I8,D1;I16;I5
1000571,15555,2020-01-26,26.98,10,E2:E6:E6:E6:E4:E3;I16;I2,S1;I8;I11,B3:B1;I22;I2,D2;I1;I21
1000572,10935,2020-12-02,8.24,6,E2:E1;I19,S1;I24,B4:B2;I11,D1;I1
1000573,42452,2020-04-19,25.33,10,E7:E4:E3:E7:E6:E6;I3;I6,S2:S4;I15;I7,B5;I9;I22,D1;I13;I20
1000574,34070,2020-06-28,15.48,8,E6:E1:E5:E7;I21,S3:S3;I7,B2;I14,D1;I15
1000575,77433,2020-05-12,22.81,10,E4:E2:E6:E5:E4;I7,S2:S3;I1,B4:B5;I12,D1;I8
1000576,44249,2020-05-14,4.85,6,E3;I12;I15,S1:S1;I2;I2,B4:B1;I6;I24,D2;I19;I10
1000577,46947,2020-02-24,24.1,12,E4:E2:E2:E3:E7:E5;I9;I1,S1:S4;I3;I4,B4:B4:B1;I21;I21,D1;I18;I9
1000578,94261,2020-08-08,18.37,8,E2:E3:E7:E3:E5;I14,S4;I22,B4;I13,D1;I7
1000579,17607,2020-01-19,5.75,7,E1;I7;I14,S4:S3;I14;I10,B4:B3:B2;I22;I23,D2;I12;I15
1000580,37789,2020-06-27,25.52,12,E6:E1:E6:E7:E7:E4;I2,S4:S3:S1;I23,B4:B5;I19,D2;I5
1000581,63755,2020-05-10,25.32,10,E3:E3:E1:E2:E2:E4;I15,S4:S4;I7,B2;I2,D2;I10
1000582,97683,2020-01-27,22.51,10,E4:E2:E4:E1:E7;I8;I13,S1:S4:S1;I22;I18,B2;I12;I7,D1;I22;I22
1000583,90478,2020-04-16,13.19,9,E2:E6:E1;I3;I10,S3;I8;I16,B3:B4:B2:B2;I11;I24,D1;I1;I13
1000584,26597,2020-09-02,18.27,9,E5:E4:E2:E4;I4;I1,S3:S1;I1;I6,B5:B4;I23;I13,D1;I7;I9
1000585,28579,2020-07-06,13.96,10,E5:E5:E5:E4;I12,S4;I23,B2:B1:B1:B2;I24,D1;I19
1000586,2107,2020-07-02,6.84,9,E5:E6;I5,S1:S2:S3;I18,B1:B4:B5;I14,D1;I5
1000587,78413,2020-01-14,24.13,9,E7:E1:E6:E5:E1:E2;I7;I3,S4;I10;I7,B1;I15;I6,D1;I19;I3
1000588,674,2020-09-14,27.08,11,E3:E1:E4:E3:E4:E3;I11;I15,S1:S4;I8;I4,B4:B1;I24;I6,D1;I7;I23
1000589,84421,2020-03-18,9.54,8,E3:E7;I13;I20,S2:S1;I19;I1,B3:B1:B2;I15;I19,D1;I20;I13
1000590,82099,2020-08-15,18.78,11,E1:E4:E4:E1;I9;I4,S2:S1:S4;I21;I1,B5:B4:B1;I9;I16,D2;I7;I22
1000591,56856,2020-08-16,26.48,13,E4:E1:E4:E3:E1:E3;I19,S2:S2;I12,B3:B3:B4:B3;I20,D2;I10
1000592,1323,2020-02-07,9.3,8,E1:E6;I2,S4;I7,B2:B2:B5:B1;I9,D1;I7
1000593,1268,2020-04-06,13.13,11,E4:E1:E7;I10,S3:S2:S3;I16,B4:B1:B1:B1;I10,D2;I1
1000594,98387,2020-04-23,23.8,14,E3:E4:E7:E2:E5:E5;I20,S1:S3:S2;I11,B4:B5:B4:B4;I15,D1;I2
1000595,68639,2020-12-18,18.79,11,E3:E3:E6:E3:E5;I15;I9,S2:S3:S3;I2;I6,B5:B2;I24;I23,D1;I7;I2
1000596,44553,2020-05-21,24.73,13,E3:E1:E7:E5:E1:E4;I3;I18,S2:S3:S1;I7;I20,B3:B1:B1;I7;I23,D1;I13;I9
1000597,18301,2020-11-26,23.23,10,E4:E4:E1:E3:E6;I19;I15,S1:S1;I20;I14,B4:B2;I13;I7,D2;I18;I2
1000598,49079,2020-05-22,20.41,10,E2:E7:E3:E4:E5;I11;I13,S4;I15;I4,B1:B1:B5;I18;I9,D2;I16;I2
1000599,8607,2020-03-28,25.17,12,E5:E6:E4:E2:E6:E7;I24;I9,S1:S2:S4;I7;I10,B4:B4;I16;I22,D1;I12;I19
1000600,2816,2020-08-20,17.84,10,E4:E6:E3:E1;I10;I1,S1;I24;I14,B5:B1:B4:B5;I20;I9,D2;I21;I8
1000601,32731,2020-08-16,9.5,5,E1:E1;I7;I1,S2;I19;I12,B4;I14;I5,D2;I3;I2
1000602,59379,2020-11-05,22.78,12,E5:E1:E5:E3:E3:E1;I19;I21,S2:S3:S2;I12;I20,B5:B3;I4;I5,D2;I2;I5
1000603,24239,2020-12-02,26.56,14,E4:E1:E2:E5:E7:E3;I2;I21,S2:S2:S3;I7;I13,B3:B3:B3:B3;I7;I7,D2;I3;I1
1000604,99302,2020-05-14,21.99,13,E6:E5:E7:E1:E3:E6;I12,S3:S4:S1;I15,B3:B5:B4;I11,D1;I7
1000605,9633,2020-10-14,15.91,11,E5:E5:E1:E7:E5;I6;I4,S2;I13;I16,B2:B2:B3:B2;I2;I21,D1;I3;I19
1000606,16229,2020-08-21,17.38,10,E7:E6:E3:E2;I15;I24,S1:S4;I15;I5,B5:B2:B3;I14;I8,D2;I14;I7
1000607,21372,2020-09-03,22.34,9,E6:E1:E3:E3:E6:E5;I13,S1;I15,B2;I7,D2;I7
1000608,21765,2020-08-17,13.03,8,E3:E7:E7;I24;I16,S1;I23;I22,B5:B4:B4;I21;I4,D1;I12;I3
1000609,38598,2020-07-07,5.89,4,E4;I15,S2;I2,B3;I22,D1;I12
1000610,70363,2020-12-23,5.55,9,E3;I24,S3:S2:S3;I16,B5:B3:B2:B5;I9,D1;I11
1000611,76421,2020-09-10,21.31,10,E7:E3:E5:E4:E4;I12;I8,S2:S2;I22;I12,B3:B4;I9;I20,D2;I1;I12
1000612,14066,2020-05-18,4.9,5,E5;I13;I20,S4:S3;I24;I9,B5;I24;I2,D2;I1;I13
1000613,54581,2020-04-07,10.93,10,E5:E2:E1;I14;I8,S2:S3;I22;I5,B4:B4:B4:B4;I8;I7,D1;I23;I7
1000614,20223,2020-02-15,15.28,8,E2:E6:E7:E1;I9,S1:S1;I1,B5;I10,D2;I13
1000615,30558,2020-04-27,3.99,5,E7;I13,S4:S1;I7,B3;I13,D2;I2
1000616,26043,2020-07-13,6.94,6,E1:E5;I14,S1;I21,B2:B1;I9,D2;I9
1000617,9418,2020-06-16,6.09,7,E4;I18,S3:S2;I20,B5:B1:B4;I2,D1;I18
1000618,98179,2020-11-30,23.12,9,E1:E3:E2:E7:E3:E7;I18,S2;I14,B2;I4,D2;I16
1000619,74226,2020-05-15,18.28,8,E2:E5:E1:E6:E7;I16,S2;I1,B4;I24,D2;I1
1000620,74090,2020-10-29,18.53,12,E5:E3:E2:E1:E1;I16,S1:S1;I15,B4:B4:B3:B2;I15,D2;I13
1000621,47064,2020-12-09,13.75,10,E6:E6:E6;I2;I13,S4:S3;I23;I10,B4:B1:B1:B1;I4;I10,D1;I22;I3
1000622,62921,2020-07-26,8.54,10,E6:E5;I7;I1,S3:S1:S2;I6;I21,B1:B2:B1:B3;I15;I19,D1;I3;I15
1000623,86712,2020-06-02,23.82,13,E1:E5:E7:E6:E3:E2;I21;I14,S2:S1;I3;I6,B5:B4:B5:B3;I7;I4,D1;I4;I5
1000624,73322,2020-05-21,16.34,11,E6:E7:E1:E3;I5;I3,S2:S4:S1;I21;I19,B1:B3:B1;I15;I23,D1;I12;I19
1000625,99148,2020-07-14,7.54,6,E5:E1;I8;I3,S3:S2;I20;I6,B4;I13;I10,D2;I7;I13
1000626,67860,2020-07-26,17.97,9,E2:E4:E4;I2;I7,S4:S3:S3;I11;I22,B3:B3;I13;I10,D1;I7;I5
1000627,85937,2020-03-08,9.94,6,E3:E5;I20;I24,S1;I2;I21,B3:B4;I13;I3,D2;I11;I2
1000628,69845,2020-02-03,20.65,13,E1:E1:E1:E3:E6;I2,S1:S3:S2;I15,B2:B2:B4:B3;I11,D2;I13
1000629,41959,2020-11-07,17.62,12,E4:E6:E4:E5;I6,S3:S2:S1;I4,B1:B5:B3:B3;I21,D1;I7
1000630,17004,2020-12-20,9.54,8,E7:E3;I23;I11,S3:S2;I2;I16,B2:B5:B3;I12;I1,D2;I24;I4
1000631,57802,2020-05-06,25.32,10,E4:E1:E3:E3:E7:E7;I7,S3;I16,B5:B4;I4,D1;I15
1000632,29152,2020-03-21,6.48,7,E5:E7;I8;I6,S1;I15;I7,B5:B1:B1;I20;I21,D2;I22;I24
1000633,44518,2020-09-27,24.08,13,E6:E4:E3:E5:E6:E1;I18,S3:S4:S4;I14,B4:B1:B5;I22,D1;I19
1000634,79684,2020-04-09,23.66,11,E7:E7:E3:E1:E4:E5;I15;I16,S2:S4:S4;I24;I6,B2;I11;I14,D1;I16;I18
1000635,38896,2020-01-26,12,10,E6:E7:E6;I5;I10,S1:S3:S4;I11;I11,B3:B4:B4;I3;I2,D2;I16;I13
1000636,13101,2020-03-31,8.14,8,E1:E5;I24,S4;I1,B2:B1:B4:B5;I13,D1;I14
1000637,22812,2020-08-06,4.25,4,E1;I16,S4;I14,B5;I2,D2;I13
1000638,19039,2020-04-09,5.05,8,E6;I1;I18,S4:S1:S1;I6;I10,B2:B1:B1;I8;I18,D2;I5;I22
1000639,69996,2020-08-29,15.07,8,E2:E4:E2;I23,S1:S3:S4;I9,B1;I11,D2;I4
1000640,28770,2020-06-30,14.73,10,E2:E4:E6;I7,S1:S2;I1,B5:B3:B1:B2;I18,D2;I7
1000641,43502,2020-06-05,19.97,11,E1:E5:E2:E7:E3;I21;I13,S2;I13;I13,B5:B4:B5:B5;I12;I16,D1;I7;I3
1000642,69717,2020-03-05,11,6,E1:E6;I23;I21,S4;I9;I23,B3:B4;I4;I19,D2;I10;I22
1000643,96467,2020-01-01,11.89,7,E3:E3:E5;I7,S1;I1,B2:B4;I5,D1;I12
1000644,56086,2020-11-12,18.54,10,E4:E1:E3:E1;I5;I7,S4;I15;I11,B3:B5:B1:B4;I12;I9,D2;I12;I21
1000645,1861,2020-09-05,3.19,8,E5;I19;I8,S3:S3:S1;I5;I1,B5:B5:B4;I1;I14,D2;I18;I18
1000646,39161,2020-10-04,5.55,7,E3;I23,S1:S4:S1;I13,B3:B1;I9,D1;I6
1000647,76961,2020-02-09,22.74,11,E1:E7:E1:E6:E1:E3;I4,S3:S3;I22,B3:B4;I5,D1;I20
1000648,52005,2020-08-26,18.23,11,E3:E6:E6:E7:E5;I15,S1:S3;I6,B3:B5:B5;I5,D2;I4
1000649,73051,2020-06-20,6.95,7,E1;I7;I20,S2;I3;I10,B3:B3:B5:B4;I24;I11,D1;I24;I6
1000650,69606,2020-09-19,22.13,11,E7:E1:E3:E2:E3:E5;I8;I11,S1:S3;I20;I19,B1:B4;I3;I18,D1;I5;I6
1000651,42449,2020-12-13,16.73,10,E4:E1:E4;I3;I3,S2:S1;I11;I6,B5:B4:B1:B3;I21;I20,D1;I4;I24
1000652,99229,2020-01-28,13.93,11,E2:E1:E2;I22;I19,S4:S1:S1;I13;I1,B2:B2:B1:B5;I19;I6,D1;I16;I14
1000653,25716,2020-03-25,16.27,10,E7:E4:E2:E5;I15;I9,S3;I5;I3,B2:B3:B4:B5;I8;I16,D2;I5;I24
1000654,61781,2020-03-17,13.63,11,E6:E4:E5;I2,S3:S3:S4;I5,B4:B2:B1:B4;I8,D1;I7
1000655,13113,2020-04-19,11.57,9,E2:E5:E5;I21;I13,S1;I7;I23,B5:B3:B3:B4;I10;I24,D1;I24;I19
1000656,43057,2020-09-01,14.98,11,E6:E7:E6:E7;I4,S1:S4:S4;I9,B1:B1:B1;I24,D1;I8
1000657,99515,2020-10-31,5.19,7,E7;I23,S4;I24,B3:B1:B4:B5;I14,D1;I13
1000658,15989,2020-05-06,25.67,10,E7:E3:E4:E6:E2:E2;I3,S3:S4;I5,B3;I20,D2;I20
1000659,15973,2020-09-18,11.09,11,E6:E6:E5;I18,S4:S4:S4;I1,B5:B2:B1:B2;I12,D2;I13
1000660,25765,2020-10-31,12.83,9,E5:E4:E3;I18;I9,S2:S2:S4;I13;I23,B2:B3;I4;I12,D1;I21;I20
1000661,61801,2020-02-14,4.85,6,E6;I15;I12,S2:S3:S4;I15;I1,B3;I12;I6,D2;I3;I16
1000662,19066,2020-07-06,22.73,11,E2:E6:E1:E3:E4;I23;I9,S3:S3;I20;I8,B1:B3:B2;I7;I21,D1;I11;I2
1000663,24856,2020-10-06,24.32,10,E6:E3:E6:E4:E5:E2;I18,S1;I16,B5:B4;I8,D2;I9
1000664,53644,2020-06-29,4.29,7,E7;I16;I5,S2;I8;I14,B3:B5:B1:B2;I22;I3,D2;I24;I16
1000665,20311,2020-01-19,24.56,12,E7:E2:E2:E7:E3:E1;I12;I7,S4;I9;I11,B3:B5:B4:B5;I6;I10,D2;I18;I6
1000666,17623,2020-07-25,22.97,11,E7:E4:E4:E3:E3;I14;I10,S1:S3;I7;I15,B4:B1:B4;I15;I22,D2;I14;I23
1000667,73043,2020-09-15,13.99,10,E4:E1:E6;I16;I1,S1:S2;I21;I11,B3:B5:B4:B4;I3;I5,D1;I16;I5
1000668,23397,2020-06-25,11.59,7,E3:E1:E7;I15,S4:S1;I6,B2;I16,D1;I14
1000669,77636,2020-11-17,16.09,10,E6:E2:E5:E6;I23,S1:S1;I16,B5:B2:B1;I7,D1;I13
1000670,7846,2020-02-23,12.64,8,E6:E4;I24;I24,S2:S3;I18;I2,B4:B2:B1;I23;I24,D1;I5;I9
1000671,86715,2020-02-09,12.23,8,E1:E2:E2;I14,S1:S1:S2;I8,B4;I10,D1;I13
1000672,7608,2020-07-29,10.04,9,E2:E3;I12;I2,S1:S4:S1;I4;I14,B4:B3:B5;I4;I7,D2;I13;I7
1000673,79831,2020-05-16,20.95,9,E6:E3:E6:E6:E3;I23,S1:S3;I22,B1;I24,D1;I7
1000674,95853,2020-12-10,19.03,9,E6:E1:E6:E5:E5;I20;I11,S2:S1;I6;I21,B4;I15;I2,D2;I4;I7
1000675,93663,2020-06-30,26.28,13,E3:E1:E4:E4:E3:E1;I5,S1:S3;I15,B5:B1:B1:B5;I15,D2;I7
1000676,64370,2020-03-06,16.82,10,E7:E6:E2:E7;I4;I21,S2:S1:S2;I8;I8,B4:B5;I10;I6,D2;I24;I8
1000677,43808,2020-05-22,8.44,6,E1:E2;I9;I11,S4;I20;I13,B4:B3;I20;I6,D2;I20;I9
1000678,79096,2020-05-03,23.45,11,E2:E4:E4:E7:E7;I21,S4:S1:S3;I11,B2:B2;I18,D1;I15
1000679,81032,2020-10-21,21.01,14,E5:E7:E2:E6:E5:E2;I5,S1:S1:S1;I2,B5:B5:B2:B3;I15,D2;I21
1000680,56559,2020-03-21,22.17,11,E4:E1:E5:E4:E1;I18;I10,S4;I2;I7,B3:B5:B3:B5;I16;I7,D2;I16;I6
1000681,46262,2020-07-20,23.18,12,E2:E1:E3:E1:E2:E3;I8,S4:S3:S3;I8,B2:B4;I2,D1;I19
1000682,50902,2020-04-20,17.73,7,E4:E4:E1;I7;I24,S1:S3;I15;I5,B3;I15;I7,D2;I23;I21
1000683,73375,2020-06-03,17.04,8,E2:E6:E1:E1;I22,S3:S1;I11,B2;I19,D1;I2
1000684,12850,2020-03-02,18.94,9,E2:E6:E6:E3;I24;I2,S4:S3;I22;I10,B1:B1;I1;I7,D2;I7;I19
1000685,62613,2020-05-10,10.08,9,E5:E4;I4;I2,S4:S3;I5;I5,B3:B1:B2:B2;I5;I19,D2;I14;I6
1000686,97207,2020-10-03,15.28,7,E7:E1:E5:E6;I7,S3;I24,B3;I21,D1;I5
1000687,82794,2020-10-01,5.99,6,E2;I11;I7,S3;I1;I9,B3:B3:B4;I24;I7,D1;I4;I3
1000688,13405,2020-06-29,12.68,8,E7:E7:E7;I22;I13,S1:S1:S3;I7;I19,B2;I6;I4,D1;I13;I11
1000689,25447,2020-10-04,9.38,10,E7:E5:E5;I10,S2:S2:S3;I23,B4:B3:B2;I18,D1;I7
1000690,81578,2020-01-16,15.48,11,E6:E3:E7:E2;I5,S3:S2;I10,B2:B3:B1:B2;I4,D2;I13
1000691,52914,2020-01-11,21.92,12,E5:E7:E6:E1:E6:E5;I12;I3,S4:S4:S4;I21;I15,B2:B2;I24;I10,D1;I1;I21
1000692,43215,2020-10-29,5.55,9,E6;I24,S4:S2:S2;I6,B3:B4:B3:B1;I21,D2;I7
1000693,22101,2020-05-07,13.93,6,E2:E2:E1;I22;I1,S1;I4;I7,B2;I16;I10,D2;I16;I23
1000694,31769,2020-05-12,12.13,8,E1:E2:E5;I22,S3:S2:S3;I2,B5;I12,D1;I7
1000695,20852,2020-01-27,8.4,6,E6:E3;I9;I19,S3;I22;I24,B5:B3;I3;I1,D2;I21;I4
1000696,34540,2020-08-17,17.22,7,E7:E6:E2:E4;I8;I12,S4;I6;I18,B5;I15;I23,D1;I7;I16
1000697,81450,2020-04-14,20.27,9,E5:E3:E6:E7:E4;I16;I19,S2:S3;I21;I21,B2;I24;I13,D1;I24;I22
1000698,39925,2020-12-01,16.27,8,E2:E5:E4:E7;I9;I10,S1;I20;I12,B2:B2;I11;I20,D2;I16;I16
1000699,60932,2020-11-24,23.82,11,E3:E7:E1:E7:E1:E7;I6;I24,S1:S4;I20;I10,B4:B5;I3;I14,D2;I9;I8
1000700,87959,2020-05-11,9.55,6,E3:E4;I5,S4;I14,B1:B3;I5,D1;I12
1000701,61296,2020-12-12,21.41,11,E7:E6:E7:E4:E7;I21,S3:S3;I8,B1:B3:B3;I5,D2;I18
1000702,2744,2020-11-28,11.38,7,E4:E4;I6;I4,S3:S3;I21;I14,B5:B1;I1;I15,D1;I7;I21
1000703,15602,2020-09-25,20.93,9,E6:E6:E7:E4:E3;I11,S1:S2;I13,B5;I7,D2;I7
1000704,65171,2020-07-31,5.35,7,E3;I7,S4;I4,B1:B5:B3:B5;I7,D2;I10
1000705,79941,2020-02-02,20.03,10,E5:E1:E3:E4:E3;I12,S3:S4:S3;I9,B4;I6,D1;I1
1000706,44270,2020-10-03,24.86,12,E1:E6:E5:E7:E7:E4;I16;I23,S1;I12;I14,B4:B3:B2:B1;I8;I11,D1;I6;I11
1000707,86254,2020-01-09,23.8,10,E3:E1:E3:E1:E6:E1;I10;I10,S3;I4;I8,B3:B2;I13;I13,D2;I14;I7
1000708,74111,2020-07-24,8.14,5,E1:E5;I23,S1;I18,B1;I24,D1;I23
1000709,91458,2020-09-20,16.62,8,E3:E5:E2:E5;I22;I22,S1:S4;I10;I15,B2;I15;I1,D1;I24;I19
1000710,8182,2020-01-16,8.2,7,E6:E6;I9;I6,S2;I6;I22,B2:B3:B4;I18;I14,D2;I20;I8
1000711,97942,2020-11-02,14.03,7,E2:E2:E6;I16;I20,S4:S4;I19;I9,B2;I20;I22,D1;I5;I6
1000712,12467,2020-06-26,13.98,8,E1:E1:E7:E5;I5;I8,S2;I19;I7,B2:B4;I8;I22,D1;I3;I10
1000713,66896,2020-08-11,5.19,7,E7;I2;I8,S4:S3;I14;I18,B1:B1:B5;I24;I19,D1;I16;I7
1000714,79527,2020-03-08,4.55,7,E1;I14;I4,S1:S4:S4;I24;I20,B2:B5;I10;I16,D2;I19;I1
1000715,74878,2020-01-06,18.48,11,E7:E4:E1:E6;I20;I6,S4:S3;I7;I6,B5:B4:B4:B2;I22;I7,D1;I3;I4
1000716,49126,2020-12-17,15.7,11,E3:E1:E6:E1;I19,S4:S2:S2;I15,B2:B3:B1;I10,D2;I7
1000717,30765,2020-06-23,13.43,8,E6:E4:E7;I16;I9,S4;I8;I7,B2:B2:B5;I19;I23,D1;I13;I1
1000718,14447,2020-02-23,4.36,4,E6;I6;I9,S3;I24;I5,B3;I18;I13,D2;I13;I23
1000719,56173,2020-01-08,29.5,14,E4:E3:E2:E4:E2:E7;I2;I22,S1:S3:S2;I18;I12,B5:B1:B2:B5;I6;I11,D2;I14;I13
1000720,81621,2020-12-03,23.02,12,E1:E7:E5:E1:E7:E6;I4;I23,S4;I12;I11,B2:B3:B4:B2;I10;I13,D1;I2;I14
1000721,89307,2020-01-31,17.09,9,E4:E5:E3:E1;I5;I3,S1:S3:S2;I24;I14,B4;I6;I2,D2;I21;I18
1000722,31105,2020-06-08,14.07,9,E4:E7:E7;I20,S4:S2;I18,B3:B1:B5;I11,D2;I7
1000723,84902,2020-12-06,12.29,7,E7:E3:E1;I10;I18,S3;I16;I14,B1:B4;I19;I20,D1;I4;I24
1000724,39920,2020-04-29,21.13,9,E6:E4:E1:E2:E6;I6,S4;I11,B1:B1;I16,D1;I14
1000725,55057,2020-01-06,15.32,8,E5:E6:E5:E4;I9;I15,S3;I11;I7,B5:B3;I14;I11,D2;I9;I19
1000726,49156,2020-03-06,5.99,7,E2;I4;I2,S4;I9;I4,B3:B5:B5:B3;I2;I4,D2;I11;I24
1000727,7903,2020-08-02,11.04,7,E2:E6;I24;I7,S3;I11;I24,B1:B4:B2;I24;I19,D1;I10;I14
1000728,12579,2020-06-11,8.6,7,E3:E6;I9;I18,S2:S4:S4;I20;I7,B5;I8;I16,D2;I10;I13
1000729,97902,2020-04-03,15.72,11,E2:E7:E3:E5;I21,S4:S2;I14,B5:B3:B3:B3;I7,D2;I13
1000730,14088,2020-09-01,12.08,8,E7:E4;I7;I23,S4;I1;I4,B4:B4:B4:B2;I1;I1,D1;I18;I9
1000731,67493,2020-06-21,12.43,7,E1:E2:E2;I11;I9,S2:S3;I16;I14,B5;I22;I9,D1;I2;I20
1000732,804,2020-04-04,16.91,9,E5:E5:E3:E7:E7;I18,S4:S3;I22,B2;I20,D2;I7
1000733,49282,2020-04-30,5.19,4,E7;I21,S1;I14,B1;I16,D2;I21
1000734,69719,2020-08-07,15.98,9,E2:E5:E1:E3;I21,S1;I24,B2:B5:B3;I3,D1;I21
1000735,30815,2020-01-24,22.43,10,E4:E3:E1:E4:E3;I9,S2:S1;I21,B5:B2;I14,D1;I10
1000736,25473,2020-03-21,20.97,11,E4:E5:E6:E3:E7;I22,S1:S3;I12,B4:B4:B2;I5,D1;I20
1000737,32319,2020-07-07,17.18,10,E5:E6:E7:E1;I21;I23,S4:S1;I12;I21,B4:B5:B3;I7;I7,D2;I23;I21
1000738,830,2020-10-03,24.82,12,E2:E1:E4:E3:E6:E7;I14,S4:S3;I7,B3:B1:B2;I24,D2;I21
1000739,65543,2020-11-07,12.23,10,E7:E5:E3;I23;I14,S1:S3;I9;I9,B5:B4:B3:B3;I7;I13,D1;I23;I14
1000740,96064,2020-12-11,7.74,8,E1:E7;I12,S4:S2:S1;I15,B5:B4;I7,D1;I10
1000741,88311,2020-11-07,11.86,9,E6:E3:E6;I4,S1;I1,B1:B3:B3:B3;I6,D2;I14
1000742,93003,2020-12-02,4.99,5,E7;I7,S1:S1;I23,B2;I12,D2;I7
1000743,14769,2020-06-29,10.49,7,E5:E1:E1;I4;I8,S4:S1;I14;I24,B3;I7;I23,D1;I10;I4
1000744,44241,2020-07-18,20.83,11,E7:E5:E3:E6:E1;I23;I7,S4:S2:S4;I12;I3,B1:B4;I8;I6,D1;I8;I18
1000745,23039,2020-11-18,19.78,9,E6:E5:E7:E4:E6;I16,S1;I23,B5:B5;I3,D1;I20
1000746,60272,2020-12-20,14.79,8,E4:E6:E3;I22,S1:S4:S3;I6,B5;I15,D1;I21
1000747,36202,2020-05-04,9.55,10,E6:E4;I5,S3:S4:S4;I16,B1:B1:B1:B3;I13,D1;I8
1000748,97197,2020-12-02,13.73,9,E2:E1:E2;I21;I6,S3;I7;I12,B5:B5:B3:B1;I12;I23,D1;I11;I24
1000749,58628,2020-04-25,17.62,8,E7:E5:E6:E4;I21;I14,S4;I18;I24,B4:B5;I6;I2,D1;I4;I21
1000750,46977,2020-09-01,8.44,5,E6:E5;I9;I20,S3;I7;I14,B4;I7;I9,D2;I16;I15
1000751,89399,2020-10-15,11.87,7,E5:E4:E7;I5,S3:S4;I19,B3;I15,D2;I12
1000752,91118,2020-01-10,9.74,6,E3:E5;I7;I2,S1:S2;I20;I13,B2;I7;I12,D1;I5;I7
1000753,51765,2020-12-04,17.53,13,E1:E3:E5:E5:E6;I9;I10,S1:S4:S2;I20;I14,B5:B5:B4:B3;I6;I2,D2;I15;I10
1000754,96484,2020-09-30,9.54,6,E3:E2;I24,S3;I7,B5:B4;I9,D2;I15
1000755,14654,2020-05-07,19.7,10,E1:E1:E5:E1:E1;I7;I10,S4:S1:S3;I13;I20,B5;I11;I22,D2;I4;I21
1000756,93594,2020-12-07,13.79,9,E5:E3:E3;I22;I20,S3:S4:S1;I18;I19,B1:B1;I1;I11,D1;I2;I18
1000757,7758,2020-01-18,9.68,7,E2:E4;I6,S3:S2:S1;I3,B3;I21,D1;I8
1000758,99883,2020-08-04,20.61,12,E4:E7:E1:E7:E2;I16;I8,S4:S3:S3;I22;I12,B4:B3:B5;I4;I7,D2;I24;I16
1000759,23057,2020-09-22,21.22,11,E5:E1:E7:E3:E5:E1;I14;I11,S3:S4:S3;I12;I19,B4;I3;I4,D1;I1;I11
1000760,83525,2020-03-25,13.63,10,E1:E4:E2;I14,S3:S2;I6,B1:B4:B2:B3;I22,D1;I12
1000761,194,2020-09-22,8.44,10,E5:E1;I11;I7,S1:S4:S2;I11;I1,B5:B3:B4:B5;I7;I20,D2;I10;I22
1000762,29185,2020-03-03,12.15,9,E1:E6:E3;I18,S3:S4:S2;I5,B4:B2;I23,D2;I23
1000763,49733,2020-09-19,27.54,11,E7:E4:E4:E7:E4:E5;I21,S2:S1;I8,B4:B2;I19,D1;I10
1000764,48396,2020-09-13,20.27,10,E3:E5:E6:E2:E4;I19,S4:S1:S4;I10,B4;I3,D2;I24
1000765,15894,2020-12-14,24.47,10,E4:E1:E4:E2:E1;I23;I12,S4:S2;I23;I8,B3:B1;I11;I11,D2;I23;I20
1000766,53089,2020-08-03,16.78,9,E7:E7:E1:E3;I2;I12,S2:S1;I1;I16,B1:B1;I20;I19,D2;I7;I8
1000767,66308,2020-09-29,24.36,10,E7:E7:E5:E4:E6:E1;I2,S4;I6,B5:B2;I16,D1;I5
1000768,12001,2020-10-21,15.98,9,E2:E6:E5:E1;I22,S3;I1,B5:B4:B4;I8,D1;I14
1000769,54398,2020-08-21,14.42,8,E3:E7:E5:E5;I24,S4;I1,B3:B2;I19,D1;I24
1000770,10541,2020-06-20,21.47,11,E4:E1:E7:E3:E2;I13;I15,S3:S1;I12;I16,B3:B2:B3;I10;I19,D2;I23;I8
1000771,64262,2020-01-16,9.88,7,E2:E4;I15,S4;I11,B4:B5:B2;I21,D1;I24
1000772,58007,2020-10-16,15.52,8,E5:E4:E1:E5;I12;I14,S2;I12;I2,B3:B5;I16;I15,D1;I5;I1
1000773,36060,2020-06-08,25.78,10,E6:E1:E6:E2:E4:E3;I3,S1:S1;I19,B4;I22,D1;I21
1000774,22589,2020-04-12,6.19,4,E4;I14;I4,S4;I7;I7,B1;I22;I11,D1;I22;I9
1000775,7355,2020-06-22,13.87,10,E4:E7:E7;I7,S3:S2;I7,B3:B2:B2:B4;I20,D1;I14
1000776,98725,2020-05-13,8.84,7,E5:E1;I18;I2,S3;I3;I7,B1:B4:B4;I1;I16,D2;I22;I19
1000777,79468,2020-05-16,24.47,13,E1:E4:E4:E6:E5;I22;I2,S1:S1:S3;I12;I21,B5:B3:B5:B3;I23;I8,D2;I18;I15
1000778,66089,2020-03-10,8.84,5,E2:E3;I13;I16,S1;I9;I6,B5;I9;I13,D2;I6;I5
1000779,8124,2020-12-30,9.45,9,E1:E4;I5,S4:S2:S4;I5,B5:B5:B5;I3,D2;I3
1000780,2835,2020-01-22,4.99,6,E7;I7,S4:S1;I3,B2:B3;I19,D2;I23
1000781,43271,2020-02-21,13.97,8,E4:E5:E4;I14,S4:S2:S1;I3,B3;I2,D2;I5
1000782,17983,2020-11-10,21.57,11,E6:E7:E4:E6:E2;I15;I11,S1;I19;I12,B3:B5:B2:B2;I12;I4,D2;I9;I1
1000783,79211,2020-06-22,12.43,10,E7:E3:E7;I3;I14,S3:S4;I8;I5,B4:B3:B4:B4;I11;I23,D1;I4;I22
1000784,6864,2020-12-23,14.42,9,E5:E3:E5:E7;I21;I8,S3:S4:S3;I9;I9,B5;I7;I18,D2;I23;I16
1000785,42455,2020-01-17,21.09,12,E2:E3:E6:E6:E3;I23,S4:S4;I7,B5:B1:B4:B2;I2,D1;I5
1000786,36897,2020-12-02,22.96,11,E4:E1:E5:E1:E5:E5;I7;I1,S1;I10;I11,B5:B3:B2;I5;I9,D1;I23;I1
1000787,86897,2020-10-07,25.94,12,E4:E7:E7:E4:E5:E7;I14;I7,S4:S4;I10;I9,B3:B1:B5;I12;I16,D1;I19;I14
1000788,4986,2020-04-02,19.91,11,E5:E6:E4:E7:E2;I13,S3:S1:S1;I19,B4:B5;I4,D2;I11
1000789,91226,2020-04-28,25.82,9,E1:E7:E1:E2:E4:E1;I21,S4;I7,B5;I7,D1;I21
1000790,79158,2020-05-01,10.59,6,E6:E1:E5;I6,S3;I19,B3;I3,D1;I18
1000791,78767,2020-05-23,10.63,9,E6:E7:E5;I6;I4,S1;I2;I1,B1:B4:B1:B2;I7;I13,D1;I1;I8
1000792,53208,2020-01-24,15.64,8,E7:E3:E6:E1;I16;I9,S3;I23;I5,B5:B1;I20;I9,D1;I22;I9
1000793,66948,2020-11-16,5.89,7,E2;I9;I24,S3:S3:S1;I12;I22,B5:B4;I19;I14,D2;I3;I5
1000794,4570,2020-07-31,26.62,9,E2:E6:E3:E4:E2:E6;I20,S4;I11,B5;I7,D1;I3
1000795,72438,2020-03-19,25.66,14,E1:E6:E7:E7:E4:E2;I22,S3:S2:S4;I18,B1:B4:B2:B4;I3,D2;I9
1000796,12710,2020-10-21,13.39,10,E6:E4:E3;I6,S4:S3;I21,B4:B5:B2:B4;I5,D2;I2
1000797,45459,2020-05-02,14.24,11,E5:E6:E3:E3;I8,S3:S3:S1;I14,B5:B2:B1;I5,D2;I16
1000798,88597,2020-07-08,19.07,10,E7:E1:E7:E2:E3;I14,S4:S2;I24,B3:B2;I20,D2;I23
1000799,60413,2020-03-16,9.68,8,E2:E7;I22;I14,S2:S2:S4;I10;I3,B3:B4;I16;I15,D1;I10;I19
1000800,1436,2020-07-14,22.17,10,E7:E3:E7:E4:E1;I10;I2,S4;I11;I6,B5:B4:B2;I15;I14,D1;I10;I9
1000801,35035,2020-09-15,26.38,13,E3:E6:E4:E3:E7:E1;I24;I10,S2:S2:S4;I18;I14,B5:B1:B1;I4;I22,D1;I18;I3
1000802,49921,2020-05-17,26.58,10,E6:E1:E1:E4:E2:E6;I21;I6,S4:S1;I11;I9,B2;I9;I14,D2;I9;I20
1000803,48213,2020-11-16,17.58,9,E7:E3:E3:E4;I6;I18,S4:S1;I12;I10,B1:B2;I22;I1,D2;I2;I14
1000804,14693,2020-03-14,23.23,10,E3:E1:E2:E7:E1:E5;I22,S4;I19,B1:B2;I10,D2;I12
1000805,11107,2020-07-13,17.13,12,E1:E5:E1:E5:E1;I13,S3:S1:S2;I10,B2:B2:B2;I11,D2;I20
1000806,54572,2020-04-30,22.21,10,E1:E5:E5:E7:E2:E2;I19;I3,S1:S1;I7;I11,B2;I2;I24,D1;I13;I13
1000807,65344,2020-04-11,4.79,5,E2;I6;I14,S3;I12;I3,B3:B5;I3;I5,D1;I19;I24
1000808,12929,2020-02-23,8.54,7,E5:E6;I13;I7,S4;I7;I23,B5:B5:B3;I4;I5,D1;I20;I5
1000809,50580,2020-07-22,23.31,13,E5:E6:E2:E5:E5:E4;I4;I23,S3:S4:S1;I1;I20,B5:B3:B1;I20;I2,D2;I5;I9
1000810,16930,2020-09-17,22.51,11,E7:E2:E2:E4:E6;I18;I3,S3:S2;I14;I15,B4:B1:B4;I14;I7,D1;I15;I22
1000811,91943,2020-05-14,26.76,10,E7:E2:E6:E6:E4:E4;I10;I5,S4;I7;I5,B3:B4;I7;I3,D1;I23;I6
1000812,94864,2020-11-02,25.08,11,E4:E1:E6:E5:E6:E3;I22,S4:S4:S3;I9,B5;I16,D1;I18
1000813,40504,2020-03-26,10.18,6,E2:E2;I15;I24,S4;I5;I13,B5:B5;I18;I19,D1;I4;I18
1000814,8801,2020-05-17,8.64,7,E5:E1;I23;I12,S3;I19;I23,B1:B4:B4;I4;I11,D1;I11;I21
1000815,28750,2020-06-28,9.18,10,E5:E7:E5;I5,S4:S4:S4;I22,B5:B3:B1;I10,D2;I2
1000816,68667,2020-07-03,12.93,8,E6:E2:E2;I3,S2:S2;I20,B2:B3;I14,D1;I21
1000817,96957,2020-05-03,17.72,7,E2:E2:E6:E4;I5;I9,S2;I8;I15,B3;I5;I7,D2;I1;I20
1000818,30877,2020-07-28,12.55,9,E6:E6:E6;I6;I18,S4;I13;I8,B4:B1:B1:B4;I6;I4,D2;I20;I9
1000819,68948,2020-06-24,9.38,8,E4:E7;I13,S2;I10,B3:B1:B1:B2;I6,D2;I2
1000820,85430,2020-10-27,13.55,7,E1:E3:E1;I13;I23,S1:S3;I12;I14,B3;I6;I21,D2;I14;I4
1000821,43466,2020-09-17,14.17,10,E5:E4:E5;I23;I22,S1:S3;I16;I5,B4:B5:B3:B5;I23;I8,D2;I3;I12
1000822,11291,2020-03-07,10.68,6,E4:E7;I7;I6,S2;I8;I7,B4:B1;I7;I12,D1;I5;I21
1000823,65022,2020-01-28,19.84,11,E1:E2:E2:E6:E1;I14,S3:S3:S4;I3,B3:B3;I3,D1;I11
1000824,6463,2020-04-30,14.96,10,E7:E2:E2:E7;I8,S4;I12,B1:B1:B4:B3;I7,D2;I2
1000825,63968,2020-01-23,14.64,11,E5:E1:E6:E6;I15,S4:S4:S1;I19,B2:B1:B1;I14,D2;I8
1000826,89359,2020-12-20,15.84,10,E3:E6:E5:E6;I3;I14,S1;I10;I11,B2:B4:B3:B5;I7;I15,D1;I13;I19
1000827,78860,2020-05-01,18.43,8,E6:E2:E5:E3:E1;I6,S1;I18,B2;I12,D1;I20
1000828,81221,2020-09-10,12.29,9,E1:E6:E2;I18,S2:S1:S3;I4,B1:B1;I13,D1;I20
1000829,7502,2020-01-22,18.86,12,E2:E7:E2:E4;I24;I4,S1:S4:S2;I19;I11,B2:B1:B4:B2;I1;I2,D1;I7;I1
1000830,84108,2020-10-08,9.04,10,E7:E6;I24,S2:S4:S1;I14,B1:B5:B1:B4;I23,D2;I13
1000831,21853,2020-03-07,17.78,8,E6:E5:E3:E2;I23;I20,S1:S4;I23;I2,B2;I12;I8,D1;I6;I9
1000832,8834,2020-01-22,23.9,13,E3:E6:E1:E1:E6:E3;I15;I1,S3:S1;I16;I3,B2:B1:B2:B4;I21;I13,D2;I24;I20
1000833,40109,2020-04-06,11.2,6,E6:E7:E6;I8,S3;I22,B4;I20,D2;I11
1000834,24468,2020-06-29,27.86,9,E4:E4:E2:E3:E1:E5;I2;I3,S4;I7;I24,B2;I16;I23,D2;I5;I10
1000835,99313,2020-09-13,14.13,10,E2:E4:E1;I16;I11,S2:S1:S1;I7;I9,B5:B5:B5;I20;I4,D2;I12;I20
1000836,4611,2020-05-25,4.75,7,E1;I1;I19,S4:S1;I15;I7,B5:B5:B4;I2;I21,D1;I19;I4
1000837,47391,2020-09-20,20.27,11,E5:E1:E7:E5:E5:E3;I3,S3;I9,B2:B1:B5;I16,D2;I4
1000838,54579,2020-06-15,12.09,10,E6:E5:E6;I2,S2:S1;I8,B1:B1:B2:B4;I4,D1;I18
1000839,30690,2020-12-05,22.62,10,E1:E5:E3:E5:E4:E1;I16,S2;I7,B3:B3;I24,D2;I7
1000840,56765,2020-07-11,12.05,9,E6:E6:E3;I16,S2:S2;I10,B2:B1:B3;I14,D2;I20
1000841,84145,2020-02-20,12.29,9,E2:E1:E6;I18,S4:S4:S4;I6,B1:B2;I21,D1;I5
1000842,1402,2020-03-31,20,9,E6:E3:E3:E6:E7;I8;I3,S3:S1;I6;I22,B2;I21;I12,D1;I5;I6
1000843,90542,2020-09-30,6.94,9,E5:E1;I16,S3:S3;I19,B5:B5:B3:B3;I5,D2;I12
1000844,26497,2020-08-17,18.34,11,E6:E1:E6:E4;I8;I7,S3:S2:S3;I13;I11,B5:B5:B5;I10;I12,D2;I6;I19
1000845,29612,2020-01-25,15.12,8,E2:E5:E1:E5;I6;I24,S4;I3;I22,B3:B5;I18;I6,D2;I1;I24
1000846,77994,2020-02-20,7.64,6,E7:E3;I4;I8,S3;I15;I14,B1:B1;I12;I3,D1;I14;I9
1000847,43219,2020-04-24,18.93,11,E5:E3:E3:E6:E5;I7;I10,S3:S1;I8;I16,B5:B1:B1;I6;I14,D2;I14;I22
1000848,71028,2020-05-31,6.98,9,E7:E5;I5;I12,S1:S2:S4;I21;I4,B5:B2:B2;I3;I3,D1;I19;I15
1000849,48264,2020-11-20,20.16,12,E4:E4:E7:E4;I14,S2:S4:S2;I24,B2:B4:B2:B3;I4,D1;I11
1000850,40500,2020-09-09,22.25,10,E7:E4:E7:E7:E4;I15;I11,S2:S1:S4;I23;I7,B1;I11;I23,D2;I21;I19
1000851,72892,2020-08-26,23.96,11,E3:E5:E4:E2:E6:E7;I18,S2;I13,B1:B1:B3;I20,D1;I22
1000852,45078,2020-06-21,3.99,5,E7;I15,S2:S4;I16,B4;I21,D2;I4
1000853,43438,2020-06-14,19.7,10,E3:E3:E3:E2:E6;I4,S4;I19,B3:B2:B4;I20,D1;I6
1000854,2867,2020-08-22,20.07,12,E1:E5:E6:E4:E5;I2,S4:S3:S1;I14,B4:B2:B5;I6,D1;I19
1000855,54604,2020-02-19,5.95,8,E1;I10;I23,S4:S3:S4;I2;I3,B5:B4:B4;I8;I10,D1;I2;I9
1000856,60650,2020-11-26,24.62,13,E7:E6:E2:E7:E6:E1;I22;I19,S2:S2;I13;I9,B5:B5:B2:B3;I2;I18,D1;I12;I18
1000857,96937,2020-04-28,9.84,10,E2:E3;I7;I1,S4:S1:S3;I5;I19,B2:B4:B2:B5;I4;I5,D2;I6;I6
1000858,83880,2020-04-05,4.29,5,E7;I15;I5,S2:S3;I20;I12,B5;I2;I14,D1;I5;I13
1000859,75604,2020-08-19,14.08,10,E3:E1:E7:E5;I5,S4:S1;I10,B4:B3:B4;I10,D1;I14
1000860,40107,2020-03-15,25.28,12,E6:E2:E6:E6:E3:E4;I14,S4:S4:S4;I20,B2:B4;I11,D1;I5
1000861,71766,2020-01-03,24.66,10,E2:E1:E1:E7:E7:E2;I13;I2,S1:S1;I21;I24,B2;I9;I18,D1;I3;I23
1000862,59763,2020-10-15,23.63,9,E3:E4:E1:E4:E6;I5;I3,S3:S4;I13;I11,B1;I10;I2,D1;I16;I16
1000863,59574,2020-04-03,15.33,11,E2:E1:E4;I20;I11,S4:S4:S1;I7;I22,B4:B1:B4:B2;I20;I13,D1;I14;I10
1000864,97497,2020-08-05,19.41,10,E3:E2:E4:E5:E5;I6;I14,S1:S1:S1;I6;I23,B3;I7;I14,D1;I12;I5
1000865,6925,2020-11-15,14.23,10,E2:E4:E1;I3,S1:S1:S3;I4,B4:B5:B2;I1,D2;I5
1000866,31586,2020-04-23,12.48,7,E4:E4;I24,S1:S2;I9,B5:B4;I5,D2;I23
1000867,6886,2020-10-16,21.23,12,E5:E2:E1:E3:E1;I20;I7,S3:S4;I2;I5,B1:B1:B1:B2;I23;I4,D1;I16;I4
1000868,61750,2020-03-09,4.45,5,E1;I18,S3:S3;I3,B2;I19,D2;I2
1000869,10001,2020-11-18,17.68,12,E1:E5:E1:E2:E7;I8,S3:S3:S1;I9,B4:B4:B3;I23,D2;I8
1000870,29827,2020-10-31,25.26,9,E5:E3:E4:E1:E2:E4;I9;I8,S3;I22;I8,B2;I3;I22,D1;I18;I9
1000871,78851,2020-11-25,15.38,9,E7:E1:E6:E5;I3;I12,S1;I6;I19,B4:B2:B3;I23;I14,D1;I2;I18
1000872,22844,2020-11-07,20.34,9,E6:E1:E5:E6:E2;I23;I1,S1:S3;I14;I23,B3;I18;I11,D2;I21;I13
1000873,35075,2020-03-27,4.7,9,E2;I18,S4:S2:S1;I23,B3:B2:B2:B4;I4,D2;I10
1000874,52499,2020-10-02,20.68,7,E6:E4:E4:E3;I11;I21,S4;I3;I7,B1;I3;I13,D1;I4;I4
1000875,95474,2020-08-04,18.62,9,E6:E7:E4:E4;I19,S1:S3;I20,B2:B4;I24,D1;I24
1000876,93197,2020-12-01,8.24,7,E2:E1;I12,S3:S3;I9,B1:B2;I20,D2;I6
1000877,74218,2020-05-29,11.85,9,E1:E1:E3;I1,S4:S2;I9,B4:B3:B2;I6,D1;I5
1000878,47878,2020-09-06,13.97,10,E4:E5:E4;I12;I8,S2:S3;I14;I19,B4:B4:B4:B2;I6;I2,D2;I10;I21
1000879,80057,2020-10-25,7.59,5,E4;I13;I2,S1:S3;I13;I13,B1;I2;I18,D2;I22;I10
1000880,65843,2020-02-10,24.39,14,E1:E3:E5:E4:E3:E3;I1;I13,S2:S3:S3;I22;I21,B3:B2:B1:B5;I1;I22,D2;I6;I18
1000881,7454,2020-06-29,5.89,6,E4;I16,S4:S2:S4;I18,B2;I3,D1;I7
1000882,38121,2020-09-17,28.96,12,E6:E4:E1:E4:E4:E7;I20,S4;I16,B5:B2:B4:B2;I6,D2;I24
1000883,25864,2020-01-21,24.84,11,E2:E6:E3:E3:E3:E1;I2,S4:S4;I2,B1:B1;I23,D1;I18
1000884,77749,2020-09-08,12.05,8,E6:E6:E3;I1,S1;I16,B2:B5:B1;I7,D2;I19
1000885,84262,2020-01-20,16.37,10,E2:E4:E2:E5;I6,S1:S3;I9,B1:B5:B5;I5,D1;I6
1000886,74147,2020-08-14,3.19,7,E5;I14,S2;I9,B2:B5:B2:B3;I14,D1;I11
1000887,25115,2020-07-14,25.68,9,E4:E7:E6:E1:E1:E3;I14;I3,S4;I1;I21,B1;I6;I13,D1;I19;I15
1000888,87776,2020-07-06,15.78,10,E7:E3:E6:E7;I3,S4:S2;I6,B3:B1:B4;I4,D1;I7
1000889,12117,2020-10-15,13.23,10,E3:E7:E2;I23;I9,S3:S2:S3;I19;I16,B1:B2:B2;I20;I12,D1;I11;I6
1000890,73936,2020-10-24,9.55,7,E1:E2;I5;I7,S2;I4;I19,B5:B1:B4;I14;I16,D1;I14;I12
1000891,27226,2020-07-13,28.36,12,E4:E4:E3:E2:E4:E3;I19,S1:S1:S3;I7,B5:B2;I1,D1;I13
1000892,34772,2020-02-18,10.7,10,E6:E5:E6;I6,S1:S2:S1;I9,B5:B1:B1;I8,D1;I5
1000893,21091,2020-03-28,3.19,6,E5;I11,S1:S4;I8,B5:B1;I13,D2;I8
1000894,22336,2020-09-11,16.68,7,E2:E6:E7:E6;I7,S4;I1,B4;I7,D2;I14
1000895,78858,2020-08-31,16.98,10,E6:E2:E3:E7;I5;I7,S3;I20;I22,B1:B2:B3:B5;I22;I14,D2;I15;I3
1000896,62295,2020-02-02,19.12,10,E2:E6:E4:E4;I12,S4:S3:S4;I18,B5:B4;I4,D1;I3
1000897,59051,2020-06-10,18.92,10,E2:E4:E6:E2;I23,S3:S3:S4;I12,B3:B5;I5,D2;I5
1000898,99831,2020-12-05,10.47,8,E2:E7:E5;I6,S2;I19,B1:B1:B2;I7,D1;I24
1000899,18237,2020-12-29,4.49,7,E7;I10;I15,S3;I14;I18,B3:B2:B5:B1;I18;I22,D1;I24;I13
1000900,81120,2020-09-11,21.28,9,E1:E3:E5:E5:E1:E3;I18,S3;I9,B5;I8,D1;I14
1000901,12753,2020-01-29,8.2,8,E3:E3;I13,S1:S4:S4;I20,B4:B5;I4,D1;I19
1000902,87949,2020-06-13,9.08,10,E5:E4;I15;I12,S1:S1:S3;I8;I4,B3:B4:B2:B1;I2;I13,D2;I6;I24
1000903,24011,2020-04-17,26.51,11,E2:E5:E6:E4:E7:E4;I20,S2:S3;I18,B1:B1;I1,D1;I18
1000904,95113,2020-07-08,12.69,8,E3:E1:E5;I24;I18,S3;I22;I18,B1:B4:B3;I4;I15,D1;I22;I9
1000905,3630,2020-02-07,9.64,6,E1:E4;I14,S4:S2;I8,B5;I1,D1;I16
1000906,86846,2020-04-25,5.89,5,E4;I13,S4;I11,B2:B1;I24,D1;I21
1000907,59694,2020-02-05,9.68,8,E4:E2;I5,S2:S2;I13,B1:B4:B4;I8,D1;I1
1000908,84218,2020-03-07,17.54,12,E4:E3:E1:E1;I11;I6,S2:S1:S2;I18;I16,B4:B1:B4:B1;I18;I11,D2;I22;I21
1000909,53863,2020-06-30,10.38,9,E7:E7;I22;I21,S1:S3;I14;I3,B3:B1:B3:B5;I10;I4,D2;I19;I2
1000910,43807,2020-01-28,7.94,9,E7:E1;I18,S1:S2;I1,B4:B2:B2:B5;I22,D2;I14
1000911,57796,2020-03-01,12.93,6,E2:E1:E7;I23,S2;I13,B1;I7,D2;I9
1000912,80098,2020-12-02,4.75,8,E1;I12;I13,S1:S3;I3;I21,B5:B3:B1:B5;I9;I24,D1;I3;I2
1000913,15688,2020-09-15,18.93,8,E6:E7:E3:E7:E1;I19,S3;I8,B2;I6,D2;I7
1000914,295,2020-08-13,16.13,8,E4:E7:E3;I24;I2,S1:S1;I7;I15,B1:B4;I1;I2,D2;I11;I24
1000915,33069,2020-04-14,22.93,11,E2:E4:E6:E6:E6;I4;I22,S2;I18;I5,B5:B5:B1:B4;I13;I19,D1;I7;I18
1000916,38053,2020-04-17,5.55,6,E6;I23,S3:S2:S2;I18,B1;I10,D2;I19
1000917,16149,2020-02-10,4.39,9,E5;I24,S2:S4:S4;I7,B2:B4:B5:B4;I22,D1;I20
1000918,31950,2020-05-31,10.78,7,E4:E4;I8,S3:S4;I9,B4:B4;I7,D2;I20
1000919,27313,2020-01-05,23.03,11,E6:E4:E1:E3:E2;I20;I15,S2;I15;I22,B1:B2:B3:B1;I4;I20,D1;I6;I6
1000920,31556,2020-11-24,26.47,11,E6:E4:E5:E7:E2:E6;I7;I22,S2:S2;I7;I9,B5:B2;I23;I10,D1;I16;I16
1000921,44176,2020-09-16,20.03,11,E1:E5:E6:E4:E3;I13,S4;I15,B1:B5:B5:B2;I21,D2;I15
1000922,80638,2020-12-28,24.58,14,E7:E7:E6:E3:E3:E3;I1;I24,S4:S3:S3;I13;I2,B2:B1:B3:B2;I7;I2,D1;I21;I9
1000923,45903,2020-06-04,23.32,9,E6:E7:E2:E2:E1:E1;I16,S3;I19,B2;I13,D1;I22
1000924,35371,2020-03-02,13.63,6,E5:E6:E4;I21,S1;I4,B1;I16,D1;I6
1000925,57753,2020-05-30,19.08,12,E4:E1:E1:E2;I19;I20,S3:S1:S2;I21;I14,B3:B5:B3:B3;I24;I20,D1;I10;I6
1000926,74640,2020-05-28,5.05,7,E6;I19;I18,S3:S4:S4;I14;I19,B4:B3;I9;I7,D2;I21;I14
1000927,16792,2020-07-31,17.23,8,E7:E1:E4:E7;I3,S2:S3;I3,B3;I14,D1;I13
1000928,10011,2020-01-24,18.5,13,E3:E5:E1:E6:E6;I15,S1:S1:S4;I6,B1:B5:B2:B2;I19,D1;I14
1000929,90356,2020-01-05,5.35,6,E6;I7,S1;I9,B3:B5:B4;I5,D2;I18
1000930,11922,2020-11-12,7.54,9,E5:E6;I15;I11,S1:S3;I14;I9,B5:B4:B3:B2;I16;I11,D2;I5;I21
1000931,5732,2020-02-05,19.52,9,E7:E2:E2:E6:E7;I18,S2:S2;I15,B1;I19,D2;I13
1000932,16006,2020-03-09,9.54,8,E3:E2;I2,S2:S1:S1;I18,B2:B4;I22,D1;I8
1000933,63411,2020-09-01,14.37,7,E2:E2:E4;I11;I14,S1:S1;I4;I7,B5;I6;I5,D2;I1;I11
1000934,319,2020-11-06,3.79,7,E5;I3,S4:S3;I6,B5:B4:B2;I14,D1;I7
1000935,99714,2020-02-07,20.47,12,E1:E6:E5:E2:E2;I20;I1,S2:S3:S3;I18;I5,B2:B1:B4;I21;I16,D1;I18;I16
1000936,67282,2020-03-19,4.05,7,E1;I6,S1;I6,B5:B1:B3:B2;I5,D1;I2
1000937,57854,2020-06-06,14.02,10,E5:E6:E7:E7;I14,S3:S3:S2;I14,B1:B4;I7,D2;I18
1000938,24489,2020-12-15,11.93,8,E5:E3:E4;I8,S2:S1:S2;I1,B2;I1,D1;I20
1000939,9776,2020-04-25,23.89,11,E3:E3:E6:E1:E4;I7;I24,S1:S4;I14;I18,B1:B1:B4;I8;I10,D1;I23;I1
1000940,85537,2020-04-09,3.19,8,E5;I1,S4:S1:S3;I5,B4:B3:B1;I20,D2;I8
1000941,56222,2020-08-08,19.56,11,E2:E2:E4:E4;I6;I14,S4:S4:S3;I18;I13,B3:B4:B1;I14;I3,D2;I18;I2
1000942,78159,2020-09-27,8,7,E1:E1;I1,S1;I1,B1:B2:B3;I19,D2;I22
1000943,36528,2020-08-21,21.78,10,E6:E4:E2:E5:E6;I13;I7,S1;I16;I3,B4:B5:B4;I13;I13,D2;I19;I22
1000944,18240,2020-10-25,13.59,7,E6:E3:E4;I10,S4;I16,B4:B4;I9,D1;I7
1000945,51439,2020-07-15,11.13,9,E2:E5:E1;I18;I8,S4;I3;I3,B3:B3:B5:B1;I21;I4,D1;I2;I24
1000946,82688,2020-06-25,13.53,10,E4:E3:E7;I6;I1,S4:S2:S4;I16;I4,B5:B2:B3;I19;I1,D1;I13;I15
1000947,54644,2020-04-28,12.34,6,E4:E1;I7;I21,S3:S4;I3;I1,B3;I6;I2,D1;I1;I7
1000948,99339,2020-12-12,25.9,14,E5:E2:E4:E2:E2:E3;I4;I2,S2:S3:S2;I7;I23,B4:B1:B1:B5;I7;I13,D1;I10;I15
1000949,87005,2020-07-10,19.11,9,E7:E2:E5:E2:E6;I3,S1;I20,B4:B3;I4,D1;I8
1000950,63036,2020-04-28,6.68,8,E7:E5;I15,S3:S3:S4;I16,B1:B4;I5,D1;I1
1000951,12325,2020-09-11,22.78,11,E3:E6:E1:E3:E2:E7;I8,S3:S4:S3;I21,B1;I1,D1;I20
1000952,87739,2020-04-02,23.26,11,E3:E4:E7:E7:E3:E5;I1,S2:S4;I14,B4:B1;I13,D2;I19
1000953,76100,2020-12-04,12.05,8,E6:E6:E6;I16,S3:S4:S2;I7,B2;I10,D2;I12
1000954,11753,2020-05-02,12.93,7,E5:E3:E4;I12;I10,S1:S1;I4;I6,B3;I18;I21,D2;I8;I19
1000955,61130,2020-11-25,12.35,7,E1:E1:E6;I14;I16,S1:S4;I16;I20,B3;I2;I21,D1;I10;I24
1000956,38289,2020-06-04,18.74,10,E7:E1:E5:E6:E6;I3,S3;I10,B2:B1:B1;I19,D2;I10
1000957,37712,2020-03-19,12.19,8,E2:E1:E6;I4;I6,S1:S4:S4;I2;I7,B3;I5;I18,D2;I20;I23
1000958,12916,2020-10-13,26.4,14,E2:E6:E2:E4:E7:E7;I12;I23,S1:S2:S1;I1;I7,B5:B2:B2:B5;I4;I8,D1;I5;I16
1000959,64721,2020-11-16,24.48,10,E7:E6:E1:E3:E6:E2;I20;I8,S3:S4;I11;I4,B1;I21;I6,D1;I24;I24
1000960,40383,2020-12-23,16.72,8,E1:E5:E4:E5;I24;I19,S4:S1;I21;I21,B1;I8;I11,D1;I8;I1
1000961,20805,2020-04-21,16.57,11,E5:E7:E4:E2;I16;I16,S3:S2:S1;I13;I20,B3:B4:B1;I16;I12,D1;I4;I7
1000962,30923,2020-01-24,15.98,8,E7:E3:E1:E5;I20;I1,S1;I20;I6,B2:B5;I18;I23,D1;I13;I20
1000963,51898,2020-07-08,14.53,10,E2:E6:E5:E7;I8;I13,S1:S3:S4;I12;I15,B4:B1;I9;I24,D2;I21;I21
1000964,73635,2020-07-23,18.62,12,E4:E7:E6:E4;I11,S4:S3:S2;I18,B4:B3:B1:B5;I2,D2;I7
1000965,20415,2020-03-25,4.25,8,E1;I10,S1:S2;I13,B2:B4:B5:B1;I3,D2;I22
1000966,67706,2020-04-01,23.26,13,E3:E5:E4:E3:E2:E5;I5;I11,S2:S1;I19;I19,B2:B3:B1:B1;I7;I20,D2;I5;I10
1000967,71507,2020-08-14,7.18,9,E5:E2;I16,S4:S2;I18,B3:B1:B1:B2;I21,D2;I3
1000968,35932,2020-01-17,19.93,12,E4:E1:E3:E1:E5;I19,S3:S4:S3;I11,B1:B4:B2;I18,D1;I10
1000969,26444,2020-06-19,3.19,8,E5;I13,S1:S4;I20,B5:B5:B3:B5;I12,D1;I15
1000970,29173,2020-11-10,7.78,7,E7:E7;I5;I11,S3:S4:S3;I7;I6,B1;I7;I13,D2;I1;I8
1000971,95173,2020-07-24,18.08,10,E6:E4:E2:E3;I18;I4,S3:S2;I9;I3,B3:B4:B5;I7;I8,D2;I7;I22
1000972,74035,2020-07-30,16.98,11,E1:E4:E2:E3;I8,S1:S2;I12,B4:B2:B1:B3;I1,D1;I15
1000973,81977,2020-07-12,4.45,9,E1;I9;I11,S3:S2:S1;I2;I7,B1:B3:B2:B5;I6;I12,D1;I4;I2
1000974,21710,2020-10-19,22.43,11,E3:E2:E3:E6:E7;I22;I2,S3;I11;I2,B1:B2:B2:B4;I24;I16,D1;I4;I11
1000975,4910,2020-11-10,25.82,12,E3:E7:E1:E1:E2:E4;I11;I3,S3:S4:S4;I11;I15,B1:B5;I15;I8,D2;I14;I20
1000976,65595,2020-12-17,12.23,7,E5:E4:E3;I6,S4:S3;I6,B2;I21,D2;I11
1000977,45342,2020-10-29,16.72,9,E5:E5:E4:E1;I20;I19,S2:S1:S3;I1;I7,B2;I15;I1,D1;I8;I20
1000978,10173,2020-07-07,19.71,12,E5:E7:E3:E7:E2;I1;I22,S1:S2;I11;I15,B2:B5:B5:B5;I4;I11,D2;I7;I12
1000979,69540,2020-12-10,8.1,5,E6:E1;I19,S4;I12,B5;I20,D1;I7
1000980,30601,2020-03-13,22.72,11,E3:E2:E2:E5:E6:E6;I19,S1;I3,B2:B4:B3;I4,D1;I18
1000981,89301,2020-06-26,16.18,10,E3:E1:E4:E5;I13,S4:S3;I16,B1:B4:B4;I1,D2;I22
1000982,95168,2020-08-07,14.16,9,E2:E7:E7:E5;I16,S2:S1;I24,B1:B4;I21,D2;I15
1000983,31053,2020-04-06,21.56,12,E2:E6:E5:E5:E6:E2;I11,S4:S1:S2;I22,B3:B1;I5,D2;I16
1000984,76871,2020-06-18,10.04,8,E2:E3;I13;I24,S3:S3:S3;I16;I22,B2:B5;I13;I16,D1;I8;I10
1000985,63571,2020-11-15,25.6,14,E5:E5:E4:E1:E7:E4;I11;I22,S2:S4:S2;I4;I5,B1:B4:B4:B2;I9;I18,D1;I7;I9
1000986,27230,2020-07-19,22.24,11,E3:E1:E6:E3:E1:E5;I13,S1:S3;I12,B3:B3;I11,D2;I7
1000987,45400,2020-08-31,18.18,9,E1:E4:E7:E6;I20;I8,S1:S2;I16;I9,B2:B4;I13;I1,D1;I10;I9
1000988,88531,2020-07-01,9.58,7,E4:E5;I7,S4;I13,B4:B2:B5;I5,D1;I13
1000989,16274,2020-08-05,25.86,10,E6:E2:E4:E4:E5:E6;I1;I9,S2:S4;I22;I18,B5;I7;I18,D1;I18;I22
1000990,50081,2020-08-24,7.68,8,E5:E7;I7,S1:S4:S2;I9,B1:B2;I7,D1;I22
1000991,5996,2020-09-28,17.39,8,E3:E4:E2:E3;I4,S3:S2;I20,B2;I16,D1;I24
1000992,29538,2020-09-17,13.37,10,E4:E7:E2;I12;I8,S3:S4:S1;I8;I23,B4:B1:B1;I3;I22,D2;I23;I12
1000993,42671,2020-08-15,18.27,11,E2:E2:E5:E4;I16;I23,S3:S4:S2;I8;I14,B2:B5:B4;I10;I7,D2;I18;I24
1000994,63954,2020-11-12,22.38,9,E1:E1:E6:E5:E2:E3;I10,S1;I5,B2;I15,D2;I15
1000995,7014,2020-10-29,3.49,6,E5;I5;I1,S4:S2;I18;I4,B2:B5;I20;I12,D1;I16;I24
1000996,62993,2020-12-16,20.87,8,E3:E2:E6:E7:E4;I4,S1;I22,B5;I20,D2;I7
1000997,28831,2020-02-10,21.11,10,E7:E5:E4:E7:E3;I24;I14,S1;I24;I12,B3:B4:B2;I13;I23,D2;I5;I21
1000998,15449,2020-04-13,9.18,9,E7:E4;I4,S3:S2:S1;I6,B3:B1:B2;I7,D1;I18
1000999,62452,2020-10-22,14.47,9,E4:E4:E5;I10;I15,S2:S1:S3;I2;I13,B2:B4;I21;I21,D1;I2;I7
